ID link,in_mine,in_BauschFluck,in_Town,in_DiazRamos,in_daCunha
A0A024R8X4,0,0,0,0,1
A0A024RAQ7,0,0,0,0,1
A0A024RBM1,0,0,0,0,1
A0A087X1C5,1,0,0,0,0
A0A0A6YY99,0,0,0,0,1
A0A0A6YYI3,0,0,0,0,1
A0A0B4J1V8,0,0,0,0,1
A0A0J9YXG7,1,0,0,0,0
A0A0K2S4Q6,1,0,0,0,0
A0A126GV92,0,0,0,0,1
A0A126GVC1,0,0,0,0,1
A0A1B0GTQ4,1,0,0,0,0
A0A1B0GTW7,1,0,0,0,0
A0A1B0GV85,1,0,0,0,0
A0A5B9,0,0,1,0,0
A0AV02,0,1,1,0,1
A0AVI2,0,0,1,0,1
A0AVI4,0,0,1,0,1
A0FGR8,0,0,1,0,1
A0FGR9,0,1,1,0,1
A0PJK1,1,1,1,0,1
A0PJW6,0,0,1,0,0
A0PJX4,0,0,1,0,0
A0PJX8,0,0,1,0,1
A0PJZ3,0,0,1,0,0
A0PK00,0,0,1,0,0
A0PK05,0,0,1,0,0
A0PK11,0,1,0,0,0
A0ZSE6,1,1,1,0,0
A1A5B4,1,1,1,0,1
A1A5C7,0,1,1,0,1
A1KXE4,1,0,1,0,0
A1L0T0,0,0,1,0,0
A1L157,0,1,1,0,0
A1L1A6,0,0,1,0,0
A1L3X0,0,0,0,0,1
A2A2V1,1,0,0,0,0
A2A2V5,0,0,1,0,1
A2A2Y4,0,0,1,0,0
A2RRL7,1,1,1,0,0
A2RU14,0,0,1,0,0
A2RU48,0,0,1,0,1
A2RU67,0,0,1,0,1
A2RUG3,0,0,1,0,1
A2RUT3,1,0,1,0,1
A2VDJ0,1,1,1,0,0
A3KFT3,1,1,1,0,1
A4D0T7,1,0,0,0,0
A4D1S0,0,0,1,0,1
A4D256,0,0,1,0,0
A4D2G3,1,1,0,0,1
A4D2H0,0,0,1,0,0
A4FU28,0,0,1,0,0
A4IF30,0,1,0,0,0
A5D6W6,1,0,1,0,1
A5D8X1,0,0,0,0,1
A5PLK6,0,0,1,0,1
A5PLL7,0,0,1,0,0
A5X5Y0,1,1,1,0,1
A5YKK6,0,0,0,0,1
A6BM72,1,1,1,0,1
A6H8M9,1,1,1,0,0
A6NC51,1,1,0,0,0
A6NCQ9,0,0,1,0,0
A6NCV1,1,1,1,0,1
A6ND01,1,1,0,0,0
A6ND48,1,1,1,0,1
A6NDA9,0,1,0,0,1
A6NDD5,1,0,0,0,0
A6NDH6,1,1,1,0,1
A6NDL8,1,1,1,0,1
A6NDP7,0,1,0,0,0
A6NDV4,1,1,1,0,1
A6NDX4,1,0,0,0,0
A6NEH6,0,0,1,0,0
A6NET4,1,1,1,0,1
A6NF34,1,1,0,0,0
A6NF89,1,1,1,0,1
A6NFA1,1,1,1,0,0
A6NFC5,0,1,1,0,0
A6NFC9,0,0,0,0,1
A6NFE2,0,0,1,0,0
A6NFR6,0,0,1,0,0
A6NFU0,1,0,1,0,0
A6NFX1,0,1,1,0,0
A6NFY4,0,0,1,0,0
A6NGA9,0,0,1,0,0
A6NGB7,0,0,1,0,0
A6NGC4,0,0,1,0,0
A6NGN9,0,0,1,0,0
A6NGU5,1,1,1,0,0
A6NGY5,1,1,1,0,1
A6NGZ8,1,0,1,0,0
A6NH00,1,1,1,0,1
A6NH21,0,1,1,0,1
A6NHA9,1,1,1,0,1
A6NHG9,1,1,0,0,1
A6NHS7,1,1,1,0,0
A6NI28,0,0,1,0,1
A6NI61,1,0,1,0,0
A6NI73,1,1,1,1,0
A6NIJ9,1,1,1,0,1
A6NIM6,0,1,1,0,0
A6NJW9,1,1,0,0,0
A6NJY1,0,0,1,0,0
A6NJZ3,1,1,1,0,1
A6NK97,1,1,0,0,0
A6NKB5,0,1,1,0,0
A6NKC4,0,1,0,0,0
A6NKK0,1,1,1,0,1
A6NKL6,0,0,1,0,0
A6NKW6,0,0,1,0,0
A6NKX4,1,0,1,0,0
A6NL05,0,0,1,0,0
A6NL08,1,1,1,0,1
A6NL26,1,1,1,0,1
A6NL88,1,1,0,0,0
A6NL99,1,0,1,0,0
A6NLE4,1,0,1,0,0
A6NLU5,1,0,1,0,0
A6NLX4,1,0,1,0,0
A6NM03,1,1,1,0,1
A6NM10,0,0,1,0,0
A6NM11,1,1,1,0,1
A6NM45,1,1,0,0,0
A6NM62,0,0,1,0,0
A6NM76,1,1,1,0,1
A6NMB1,1,1,1,0,0
A6NMD0,1,0,0,0,0
A6NMS3,1,1,0,0,1
A6NMS7,1,1,1,0,1
A6NMU1,1,1,1,0,1
A6NMZ5,1,1,0,0,1
A6NN92,1,0,1,0,0
A6NNB3,1,0,0,0,1
A6NND4,1,1,1,0,1
A6NNE9,0,0,1,0,0
A6NNN8,0,1,0,0,0
A6QL63,0,0,1,0,0
A7MBM2,0,1,0,0,1
A8CG34,0,0,1,0,0
A8K4G0,1,0,1,1,1
A8MPY1,1,1,1,0,0
A8MRT5,0,0,1,0,0
A8MUP6,1,1,0,0,0
A8MV81,1,0,1,0,0
A8MVS5,1,1,1,0,0
A8MVW0,1,1,1,0,0
A8MVW5,0,1,1,0,1
A8MVZ5,1,1,1,0,0
A8MWK0,0,0,1,0,0
A8MWL7,0,0,1,0,0
A8MWY0,1,1,1,0,1
A8MXK1,1,1,1,0,0
A8MYB1,0,0,1,0,0
A8MYU2,1,0,1,0,0
A9Z1Z3,1,0,1,0,0
B0FP48,1,1,1,0,0
B0YJ81,0,0,0,0,1
B1AH88,0,0,1,0,0
B2RN74,1,1,0,0,1
B2RTY4,0,0,1,0,0
B2RUZ4,1,0,1,0,0
B3SHH9,0,1,1,0,0
B4DJY2,1,0,1,0,0
B4DS77,1,1,1,0,0
B4DYI2,0,0,1,0,0
B5MD39,0,0,1,0,0
B6A8C7,1,1,1,0,0
B6SEH8,1,1,0,0,0
B6SEH9,1,1,1,0,0
B7U540,1,0,1,0,0
B7Z8K6,0,0,1,0,0
B7ZLS6,0,0,0,0,1
B8ZZ34,1,1,0,0,0
B9EGU7,0,0,0,0,1
B9EJA8,0,0,0,0,1
B9EJG8,1,0,0,0,0
C9JDP6,1,0,1,0,0
C9JG80,0,0,1,0,0
C9JH25,0,0,1,0,0
C9JI98,1,0,1,0,0
C9JQL5,1,0,0,0,0
C9JVW0,0,0,1,0,0
D3DX41,0,0,0,0,1
D3W0D1,1,1,1,0,0
E2RYF6,1,1,1,0,0
E5RHQ5,0,0,1,0,0
E5RIL1,1,0,0,0,0
E7ERA6,0,0,1,0,0
F2Z333,1,1,1,0,0
F5H4A9,0,1,0,0,0
F7VJQ1,0,0,1,1,1
G3V0H7,1,1,1,0,0
H0YL14,0,0,1,0,0
H3BP43,1,0,0,0,0
H3BQJ8,1,0,0,0,0
H3BQS5,1,0,0,0,0
H3BR10,0,0,1,0,0
H3BS89,0,1,0,0,0
H3BV60,1,0,1,0,0
H7C241,1,0,0,0,0
I3L273,1,1,1,0,0
I3L348,1,0,0,0,0
I3L4H3,1,0,0,0,0
I6L9A1,0,0,0,0,1
I6L9A9,0,0,0,0,1
J3QLL2,1,0,0,0,0
K7EJ46,0,0,1,0,0
L0R8F8,0,0,1,0,0
M0QZC1,0,0,1,0,0
O00124,0,0,1,0,1
O00144,1,1,1,1,1
O00155,1,1,1,0,1
O00168,1,0,1,1,1
O00180,1,0,1,0,1
O00198,0,0,1,0,1
O00206,1,1,1,1,1
O00219,1,0,1,0,1
O00220,1,1,1,1,1
O00222,1,1,1,0,1
O00237,0,0,0,0,1
O00238,1,0,1,1,1
O00241,1,1,1,1,1
O00254,1,1,1,1,1
O00255,0,0,1,0,0
O00264,0,0,1,0,0
O00270,1,1,0,0,1
O00299,0,0,1,0,0
O00300,0,0,0,1,0
O00322,1,1,1,0,1
O00337,1,1,1,1,1
O00341,1,1,1,0,1
O00391,0,1,1,0,1
O00398,1,1,0,1,1
O00400,1,1,0,0,1
O00421,1,1,1,1,1
O00444,0,0,1,0,0
O00445,0,0,1,0,1
O00451,1,1,0,0,0
O00453,0,0,1,1,0
O00461,0,0,1,0,0
O00468,0,0,1,0,0
O00476,0,0,1,0,1
O00478,1,1,1,1,1
O00481,1,1,1,1,1
O00501,1,0,1,0,1
O00519,0,0,1,0,0
O00526,0,1,1,0,1
O00533,1,1,1,1,1
O00548,1,1,1,1,1
O00555,1,0,1,0,0
O00559,1,0,1,0,0
O00560,0,0,0,0,1
O00562,0,0,1,0,0
O00574,1,1,1,1,1
O00587,0,0,1,0,0
O00590,1,1,1,1,1
O00591,1,1,1,0,1
O00592,1,1,1,1,1
O00602,0,0,1,0,0
O00623,0,0,1,0,0
O00624,0,0,1,0,1
O00631,0,0,1,0,0
O00755,0,0,1,0,0
O14493,1,1,0,0,1
O14494,1,1,1,1,1
O14495,0,1,1,1,1
O14511,1,1,1,0,1
O14514,1,1,0,0,1
O14520,1,0,1,1,1
O14522,1,1,1,0,0
O14523,0,0,1,0,0
O14524,0,1,1,0,1
O14525,1,1,0,0,1
O14569,0,0,1,0,1
O14581,1,1,0,0,1
O14609,0,0,1,0,1
O14626,1,1,1,0,1
O14638,1,0,1,1,0
O14649,0,0,1,0,1
O14653,0,0,1,0,0
O14662,0,0,1,0,0
O14668,1,0,1,1,1
O14669,1,0,1,0,1
O14672,1,1,1,1,1
O14678,0,0,1,0,0
O14681,0,0,0,0,1
O14683,1,0,1,0,1
O14684,0,0,1,0,1
O14718,1,1,1,0,1
O14735,0,0,1,0,1
O14763,1,0,1,1,1
O14764,1,1,1,0,1
O14786,1,1,1,1,1
O14788,1,1,1,1,1
O14791,0,0,0,0,1
O14798,1,1,0,1,1
O14804,1,1,0,0,1
O14817,1,1,1,0,1
O14828,0,0,1,0,1
O14836,1,1,1,1,1
O14842,1,1,0,0,1
O14843,1,1,0,1,1
O14880,0,0,1,0,0
O14894,1,1,1,0,1
O14917,1,1,1,0,0
O14925,0,0,0,0,1
O14931,1,1,1,1,0
O14944,1,1,1,1,1
O14975,0,0,1,0,0
O15031,1,1,1,0,0
O15079,0,0,1,0,0
O15118,0,1,1,0,0
O15120,0,0,0,0,1
O15121,0,0,1,0,1
O15126,0,0,1,0,1
O15127,0,0,1,0,1
O15146,1,1,1,0,1
O15155,0,0,1,0,0
O15162,1,0,1,1,0
O15165,0,1,1,0,1
O15173,0,0,1,0,1
O15197,1,1,1,1,1
O15218,1,1,0,1,1
O15229,0,0,1,0,1
O15239,0,0,1,0,0
O15243,0,0,1,1,1
O15244,1,1,1,0,1
O15245,1,1,1,0,1
O15247,0,0,1,0,0
O15260,0,0,1,0,0
O15269,0,0,1,0,0
O15270,0,0,1,0,0
O15303,1,1,1,0,1
O15321,0,1,1,0,1
O15342,0,0,1,0,1
O15354,1,1,1,0,1
O15374,1,1,0,0,1
O15375,1,1,1,1,1
O15389,1,1,1,1,1
O15393,1,0,1,0,1
O15394,1,1,1,0,1
O15399,1,1,0,0,1
O15400,0,0,1,0,1
O15403,1,1,0,1,1
O15427,1,0,0,1,1
O15431,1,1,1,1,1
O15432,0,0,1,1,1
O15438,1,1,1,1,1
O15439,0,1,0,1,1
O15440,0,1,0,1,1
O15455,0,1,1,1,1
O15466,0,0,1,0,0
O15482,0,0,1,0,1
O15484,0,0,1,0,0
O15503,0,0,1,0,1
O15520,0,0,1,0,0
O15529,1,1,0,0,1
O15533,0,0,1,0,0
O15547,1,1,1,0,1
O15551,1,1,1,0,1
O15552,1,1,1,1,1
O15554,0,0,1,1,1
O42043,0,1,1,0,0
O43155,1,1,1,0,1
O43157,1,1,1,0,0
O43169,0,0,1,0,0
O43173,0,0,1,0,0
O43184,1,1,1,0,1
O43193,1,1,1,0,1
O43194,1,1,0,0,1
O43246,0,1,1,0,1
O43278,0,0,0,0,1
O43280,1,1,0,0,0
O43286,0,0,1,0,0
O43291,1,1,1,0,1
O43292,0,0,1,0,1
O43300,1,1,1,0,1
O43306,1,1,0,1,1
O43315,1,1,1,1,1
O43424,1,1,1,0,1
O43451,0,0,1,0,1
O43462,0,0,1,0,1
O43464,0,0,1,0,0
O43490,1,1,1,1,1
O43493,1,1,1,0,0
O43497,1,1,1,0,1
O43505,0,0,1,0,0
O43506,1,1,1,0,1
O43508,1,0,1,1,1
O43511,1,1,1,0,1
O43520,0,0,0,0,1
O43525,1,0,1,0,1
O43526,1,0,1,0,1
O43529,0,0,1,0,0
O43556,1,1,1,0,1
O43557,1,0,1,1,1
O43561,1,0,1,0,0
O43567,0,1,1,0,0
O43570,1,1,1,0,1
O43581,0,0,1,0,0
O43586,0,0,1,0,0
O43603,1,1,1,0,1
O43613,1,1,0,0,1
O43614,1,1,0,1,1
O43653,1,1,0,0,0
O43657,1,1,1,0,1
O43674,0,0,1,0,0
O43676,0,0,1,0,0
O43681,0,0,1,0,0
O43688,0,1,0,0,1
O43699,1,1,1,1,1
O43731,0,0,1,0,0
O43736,0,0,1,1,1
O43749,1,1,1,0,1
O43752,0,0,1,1,1
O43759,0,0,0,0,1
O43760,0,0,1,0,1
O43761,0,0,0,0,1
O43772,0,0,1,0,0
O43808,0,0,1,0,1
O43813,0,0,0,1,0
O43825,0,0,1,0,0
O43826,0,1,0,0,1
O43847,0,0,1,0,0
O43861,1,0,1,0,1
O43868,0,1,1,1,1
O43869,1,1,1,0,1
O43889,0,0,1,0,0
O43895,1,1,0,0,0
O43908,1,0,1,1,1
O43909,0,0,1,0,0
O43914,1,0,1,1,1
O43916,0,0,1,0,0
O43921,1,1,0,1,0
O43934,0,1,1,0,1
O60235,1,1,1,0,0
O60238,0,0,1,0,0
O60241,1,1,0,0,1
O60242,1,1,1,0,1
O60243,0,0,1,0,0
O60245,1,1,1,1,1
O60266,0,1,1,1,1
O60279,1,1,1,0,0
O60309,1,1,1,0,1
O60312,0,0,1,0,1
O60313,0,0,1,0,0
O60320,0,0,1,0,0
O60330,1,1,1,0,1
O60337,1,0,0,0,1
O60343,0,0,0,0,1
O60353,1,1,0,0,1
O60359,0,1,1,0,1
O60391,1,1,1,0,1
O60403,1,1,0,0,1
O60404,1,1,1,0,1
O60412,1,1,1,0,1
O60423,0,0,1,0,1
O60427,0,0,1,0,1
O60431,1,1,1,0,1
O60449,1,1,1,1,1
O60462,1,1,1,0,1
O60469,1,1,1,0,1
O60476,0,0,1,0,0
O60478,1,1,0,0,1
O60486,1,1,1,1,1
O60487,1,1,0,0,0
O60488,0,0,1,0,0
O60494,0,0,1,0,0
O60499,0,0,1,0,0
O60500,1,1,1,0,1
O60503,1,1,1,1,1
O60507,0,0,1,0,0
O60512,0,0,1,0,0
O60513,0,0,1,0,0
O60602,1,1,0,1,1
O60603,1,1,1,1,1
O60609,1,1,1,0,0
O60635,1,1,1,1,1
O60636,1,1,1,0,1
O60637,1,1,1,1,1
O60656,0,0,1,0,0
O60667,1,0,1,1,1
O60669,1,1,0,1,1
O60676,0,0,1,0,0
O60687,0,0,1,0,0
O60704,0,0,1,0,0
O60706,1,1,1,0,1
O60721,1,0,1,0,1
O60741,1,0,1,0,1
O60755,1,1,1,0,1
O60774,0,0,1,0,0
O60779,1,1,0,0,1
O60830,0,0,1,0,0
O60831,1,0,0,0,1
O60840,1,0,1,0,1
O60858,0,0,1,0,1
O60883,1,1,1,0,1
O60894,1,0,1,0,1
O60895,1,1,1,0,1
O60896,1,1,1,0,1
O60906,0,0,0,0,1
O60909,0,0,1,0,0
O60911,0,0,1,0,0
O60928,1,0,1,0,1
O60931,0,1,1,0,0
O60939,1,1,1,0,1
O71037,1,1,1,0,0
O75015,1,1,0,1,1
O75019,1,1,1,1,0
O75022,1,1,1,1,1
O75023,1,1,1,1,1
O75051,1,1,1,0,1
O75054,1,1,1,0,1
O75056,1,0,1,1,1
O75063,0,0,1,0,0
O75069,0,0,0,0,1
O75072,0,0,1,0,0
O75074,1,1,1,1,1
O75077,1,1,1,1,1
O75078,1,1,1,0,1
O75084,1,1,1,0,1
O75096,1,1,1,1,1
O75110,1,0,1,0,1
O75121,1,1,0,0,1
O75129,0,1,1,0,1
O75144,1,1,1,1,1
O75145,0,0,1,0,0
O75154,0,0,1,0,0
O75185,1,0,1,0,1
O75192,0,0,1,0,0
O75197,1,1,1,1,1
O75204,0,0,1,0,1
O75264,0,0,1,0,0
O75298,0,0,1,0,0
O75309,1,1,1,0,1
O75310,0,0,1,0,0
O75311,1,1,1,0,1
O75324,0,0,1,0,0
O75325,1,1,1,0,1
O75326,1,1,1,1,0
O75330,0,0,1,1,0
O75334,0,0,1,0,0
O75335,0,0,1,0,0
O75340,0,0,1,0,0
O75352,0,0,1,0,1
O75354,0,0,1,0,0
O75355,1,1,1,1,1
O75379,0,0,1,0,0
O75387,0,1,0,0,1
O75388,1,1,0,0,1
O75396,0,0,1,0,0
O75398,0,0,1,1,1
O75425,0,0,1,0,1
O75427,0,0,1,0,1
O75438,0,0,1,0,0
O75443,1,1,0,0,0
O75445,1,1,1,0,1
O75452,0,0,1,0,0
O75473,1,1,1,0,1
O75477,0,0,1,0,0
O75487,1,1,1,0,0
O75508,1,1,1,0,1
O75509,1,1,1,1,1
O75578,1,1,1,1,1
O75581,1,1,1,1,1
O75592,0,0,1,0,1
O75631,0,1,1,0,0
O75712,1,1,1,0,1
O75751,0,1,1,0,1
O75752,0,0,1,0,0
O75762,1,0,1,0,1
O75783,0,0,1,0,1
O75787,1,0,1,0,1
O75829,0,0,1,0,1
O75841,1,1,1,0,1
O75844,0,0,1,0,0
O75845,0,0,1,0,0
O75871,1,1,1,1,1
O75882,1,1,1,0,1
O75888,0,0,1,1,1
O75889,0,0,0,0,1
O75899,1,1,1,1,1
O75900,0,0,1,0,0
O75908,0,0,0,0,1
O75915,0,0,1,0,0
O75920,0,0,0,0,1
O75923,1,0,1,0,1
O75935,0,0,1,0,0
O75954,1,1,1,0,1
O75955,0,0,0,1,0
O75976,1,1,1,0,1
O76000,1,1,1,0,1
O76001,1,1,1,0,1
O76002,1,1,1,0,1
O76024,0,0,0,0,1
O76027,0,0,1,0,0
O76036,1,1,1,1,1
O76062,0,0,1,0,1
O76082,1,1,1,0,1
O76090,1,0,1,0,1
O76095,1,0,1,1,1
O76099,1,1,1,0,1
O76100,1,1,1,0,1
O94759,1,0,1,1,1
O94766,0,0,1,0,0
O94769,1,0,0,0,0
O94772,1,1,0,0,0
O94777,0,0,1,0,0
O94778,1,1,1,0,1
O94779,1,1,0,0,0
O94813,0,0,1,0,0
O94823,0,0,1,0,0
O94826,0,0,1,0,0
O94856,1,1,1,0,1
O94876,0,0,1,0,1
O94886,0,1,1,0,1
O94898,1,1,1,0,1
O94901,0,0,1,0,0
O94905,0,0,1,0,0
O94910,1,1,1,0,1
O94911,0,1,0,1,1
O94923,0,0,1,0,0
O94933,1,1,1,0,1
O94956,1,1,0,0,1
O94966,0,0,1,0,1
O94985,1,1,1,0,1
O94991,1,1,1,0,1
O95006,1,1,0,0,1
O95007,1,1,1,0,1
O95013,1,1,0,0,1
O95047,1,1,1,0,1
O95069,0,0,1,0,1
O95070,0,0,1,0,1
O95136,1,1,0,1,0
O95139,0,0,1,0,0
O95140,0,0,1,0,0
O95150,1,1,0,0,1
O95159,0,0,1,0,1
O95167,0,0,1,0,0
O95168,0,0,1,0,0
O95169,0,0,1,0,0
O95180,1,0,1,0,1
O95183,0,0,1,0,1
O95185,1,1,1,0,1
O95196,1,1,1,0,1
O95202,0,0,1,0,1
O95206,1,1,1,0,1
O95210,1,0,1,0,0
O95214,0,0,1,1,1
O95221,1,1,1,0,1
O95222,1,1,1,0,1
O95237,0,0,1,0,0
O95249,0,0,1,0,0
O95255,1,0,1,0,1
O95256,1,1,1,1,1
O95259,1,0,0,0,1
O95264,1,1,1,0,1
O95274,1,1,0,0,0
O95279,0,1,1,0,1
O95292,0,0,1,0,1
O95297,1,1,1,0,1
O95298,0,0,1,0,0
O95342,1,1,1,0,1
O95371,1,1,1,0,1
O95377,1,1,1,0,1
O95393,0,0,1,0,0
O95395,0,0,1,0,0
O95406,0,0,1,1,1
O95415,0,0,1,0,1
O95425,0,0,1,0,0
O95427,0,0,1,0,1
O95436,1,1,1,0,1
O95452,1,1,1,0,1
O95461,0,0,1,0,0
O95470,0,0,1,0,0
O95471,1,1,0,0,1
O95473,0,0,0,0,1
O95476,0,0,1,0,0
O95477,1,1,0,1,1
O95484,1,1,0,0,1
O95490,1,1,1,0,1
O95497,1,1,0,0,0
O95498,1,1,0,1,1
O95500,1,0,0,0,1
O95502,1,0,1,0,0
O95528,1,1,0,0,1
O95562,0,0,1,0,1
O95573,0,0,1,0,0
O95622,1,1,1,0,1
O95630,0,0,1,0,0
O95665,1,1,0,1,1
O95672,0,0,1,0,1
O95727,1,1,1,1,1
O95754,1,1,1,0,1
O95772,1,0,0,0,1
O95800,1,1,0,0,1
O95803,0,0,1,0,0
O95807,0,0,1,0,1
O95832,1,1,1,0,1
O95833,0,0,1,0,0
O95834,0,0,0,0,1
O95838,1,1,1,0,1
O95857,1,1,1,0,1
O95858,1,1,1,0,1
O95859,1,0,1,0,1
O95864,0,0,1,0,1
O95866,1,1,1,0,1
O95867,1,1,0,0,0
O95868,1,1,0,0,0
O95870,0,0,1,0,1
O95907,1,1,0,0,1
O95918,1,1,0,0,1
O95925,0,0,1,0,0
O95944,1,1,1,1,1
O95971,1,1,0,1,0
O95976,1,1,1,1,1
O95977,1,1,0,1,1
O95980,1,1,0,0,0
O95992,0,0,0,0,1
O96002,0,0,0,0,1
O96005,1,0,0,0,1
O96011,0,0,1,0,0
O96024,0,0,1,0,0
P00156,0,0,1,0,0
P00167,0,0,1,0,0
P00390,0,0,1,0,0
P00395,0,0,1,0,0
P00403,0,0,1,0,0
P00533,1,1,1,1,1
P00742,0,0,1,0,0
P00747,0,0,1,0,0
P00749,0,0,1,0,0
P00750,0,0,1,0,0
P00813,0,0,1,0,0
P00846,0,0,1,0,0
P01127,0,0,1,0,0
P01130,1,1,1,1,1
P01133,1,1,1,0,1
P01135,1,1,1,0,1
P01137,0,0,1,0,0
P01374,0,0,0,1,0
P01375,1,0,1,1,1
P01579,0,0,1,0,0
P01588,0,0,1,0,0
P01589,1,1,1,1,1
P01730,1,1,1,1,1
P01732,1,1,1,1,1
P01833,1,1,1,1,1
P01848,0,0,1,0,0
P01850,0,0,1,0,0
P01871,0,0,1,0,0
P01880,0,0,0,1,0
P01889,1,1,1,1,1
P01891,1,1,1,1,1
P01892,1,1,1,1,1
P01893,1,1,1,0,0
P01903,1,1,1,1,1
P01906,1,1,1,1,1
P01909,1,1,1,1,1
P01911,1,1,1,1,1
P01912,1,1,1,1,1
P01920,1,1,1,1,1
P02511,0,0,1,0,0
P02647,0,0,1,0,0
P02649,0,0,1,0,0
P02671,0,0,1,0,0
P02675,0,0,1,0,0
P02679,0,0,1,0,0
P02708,1,1,1,0,1
P02724,1,1,1,1,1
P02730,1,1,1,1,1
P02748,0,0,1,0,0
P02749,0,0,1,0,0
P02760,0,0,1,0,0
P02778,0,0,1,0,0
P02786,1,0,1,1,1
P02787,0,0,1,0,0
P03886,0,0,1,0,0
P03915,0,0,1,0,0
P03923,0,0,1,0,0
P03928,0,0,1,0,0
P03971,0,0,1,0,0
P03986,0,1,1,0,0
P03989,1,1,1,1,1
P03999,1,1,1,0,1
P04000,1,1,1,0,1
P04001,1,1,1,0,1
P04035,0,0,1,0,0
P04054,0,0,1,0,0
P04083,0,0,1,0,0
P04085,0,0,1,0,0
P04156,1,1,1,1,1
P04180,0,0,0,0,1
P04201,1,1,1,0,1
P04216,1,1,1,1,0
P04222,1,1,1,1,1
P04229,1,1,1,1,1
P04233,1,1,1,1,1
P04234,1,1,1,1,0
P04275,0,0,1,0,0
P04439,1,1,1,1,1
P04440,1,1,1,1,1
P04626,1,1,1,1,1
P04628,0,0,1,0,0
P04629,1,1,1,1,1
P04839,1,1,0,0,0
P04843,0,1,1,0,0
P04844,0,0,1,0,1
P04920,1,0,1,0,1
P04921,1,1,1,1,1
P05023,1,1,1,1,1
P05026,1,1,1,1,1
P05067,1,1,1,0,1
P05106,1,1,1,1,1
P05107,1,1,1,1,1
P05112,0,0,1,0,0
P05141,0,0,1,0,1
P05154,0,0,1,0,0
P05186,1,1,0,0,0
P05187,1,1,1,0,0
P05231,0,0,1,0,0
P05362,1,1,1,1,1
P05496,0,0,1,0,0
P05534,1,1,1,1,1
P05538,1,1,1,0,0
P05556,1,1,1,1,1
P05981,1,0,1,0,0
P06028,1,0,1,1,1
P06126,1,1,1,1,1
P06127,1,1,1,1,1
P06133,0,0,1,0,0
P06213,1,1,1,1,1
P06276,0,0,0,0,1
P06340,1,1,1,1,1
P06576,0,0,1,0,0
P06729,1,1,1,1,1
P06731,1,1,1,1,0
P06734,1,0,1,1,0
P06756,1,1,1,1,1
P06858,0,1,1,0,0
P07093,0,0,1,0,0
P07099,0,0,1,0,0
P07202,1,1,1,0,1
P07204,1,1,1,1,1
P07306,1,1,1,0,1
P07307,1,1,1,0,1
P07333,1,1,1,1,1
P07355,0,0,1,0,0
P07359,1,1,1,1,1
P07510,1,1,0,0,1
P07550,1,1,1,1,1
P07766,1,0,1,1,1
P07858,0,0,0,1,0
P07911,1,1,0,0,0
P07949,1,1,1,0,0
P07996,0,0,1,0,0
P08034,1,1,1,0,1
P08069,1,1,1,1,1
P08100,1,1,1,0,1
P08134,0,0,1,0,0
P08138,1,1,1,1,1
P08172,1,1,1,1,1
P08173,1,1,1,1,1
P08174,1,1,1,1,0
P08183,1,1,1,1,1
P08195,1,1,1,1,1
P08238,0,0,1,0,0
P08246,0,0,1,0,0
P08247,0,1,1,0,1
P08294,1,0,0,0,0
P08311,0,0,1,1,0
P08473,1,1,1,1,1
P08514,1,1,1,1,1
P08571,1,1,1,1,0
P08574,0,0,1,0,0
P08575,1,1,1,1,1
P08581,1,1,1,0,1
P08582,1,1,1,0,0
P08588,1,1,1,0,1
P08637,1,1,1,1,1
P08648,1,1,1,1,0
P08684,0,0,1,0,0
P08697,0,0,1,0,0
P08758,0,0,1,0,0
P08842,0,1,1,0,1
P08887,1,1,1,1,1
P08908,1,1,1,0,1
P08910,1,0,1,0,0
P08912,1,1,1,1,1
P08913,1,1,0,1,1
P08922,1,1,1,0,1
P08962,1,1,1,1,1
P08F94,1,1,1,0,1
P09131,0,1,1,0,1
P09172,0,0,1,0,0
P09326,1,1,0,1,1
P09382,0,0,1,0,0
P09429,0,0,1,0,0
P09486,0,0,1,0,0
P09525,0,0,1,0,0
P09564,1,1,1,1,1
P09603,0,1,1,0,1
P09619,1,1,1,1,1
P09669,0,0,1,0,0
P09693,1,1,1,1,1
P09758,1,1,1,0,1
P09848,1,1,0,0,1
P09912,0,0,1,0,1
P09923,1,1,0,0,0
P09958,0,1,1,0,0
P0C604,1,1,0,0,0
P0C617,1,1,1,0,0
P0C623,1,1,1,0,0
P0C626,1,1,1,0,0
P0C628,1,1,0,0,0
P0C629,1,1,0,0,0
P0C645,1,1,1,0,0
P0C646,1,1,1,0,0
P0C672,0,0,1,0,0
P0C6S8,1,1,1,0,0
P0C6T2,0,0,1,0,0
P0C7M8,0,0,1,0,0
P0C7N1,1,1,1,0,1
P0C7N4,0,0,1,0,0
P0C7N5,1,1,0,0,0
P0C7N8,1,1,0,0,1
P0C7Q5,0,0,1,0,0
P0C7Q6,0,0,1,0,0
P0C7T2,1,1,1,0,0
P0C7T3,1,1,1,0,0
P0C7T8,0,0,1,0,0
P0C7U0,1,1,1,0,0
P0C7U3,0,1,1,0,0
P0C7U9,0,0,1,0,0
P0C7V7,1,0,1,0,0
P0C851,0,0,1,0,0
P0C874,0,0,1,0,0
P0CF51,0,0,1,0,0
P0CG08,0,0,0,1,1
P0CG37,1,1,0,0,0
P0CG41,0,0,1,0,0
P0CK96,0,0,1,0,0
P0CK97,0,0,1,0,0
P0DKB5,1,1,1,0,0
P0DKB6,0,0,1,0,0
P0DKV0,0,0,1,0,0
P0DMQ5,0,0,1,0,0
P0DMS8,1,0,1,1,1
P0DMU2,1,0,0,0,0
P0DN77,1,0,0,0,1
P0DN78,1,0,0,0,0
P0DN80,1,0,0,0,0
P0DN81,1,0,0,0,0
P0DN82,1,0,0,0,0
P0DP58,1,0,0,0,0
P0DPA2,1,0,1,0,1
P0DPD6,0,0,1,0,1
P0DPE3,1,0,0,0,0
P0DQD5,1,0,0,0,0
P10176,0,0,1,0,0
P10276,0,0,1,0,0
P10314,1,1,1,1,1
P10316,1,1,1,1,1
P10319,1,1,1,1,1
P10321,1,1,1,1,1
P10415,0,0,1,0,0
P10586,1,1,1,0,1
P10600,0,0,1,0,0
P10620,0,0,1,0,0
P10646,1,1,1,0,0
P10696,1,1,0,0,0
P10721,1,1,1,1,1
P10747,1,1,1,1,1
P10809,0,0,1,0,0
P10912,1,1,1,1,1
P10966,1,1,1,1,1
P11021,0,0,1,0,0
P11049,1,1,1,1,1
P11117,0,1,1,0,0
P11166,1,1,1,1,1
P11168,1,1,1,0,1
P11169,1,1,1,1,1
P11215,1,1,1,1,1
P11226,0,0,1,0,0
P11229,1,1,0,0,1
P11230,1,1,1,0,1
P11233,0,0,1,0,0
P11245,0,0,0,0,1
P11277,0,0,1,0,0
P11279,0,1,1,1,1
P11362,1,1,1,1,1
P11464,0,0,0,1,0
P11532,0,0,1,0,0
P11678,0,0,1,0,0
P11686,0,0,0,0,1
P11717,0,1,1,1,1
P11836,1,1,1,1,1
P11912,1,1,1,1,1
P12018,0,0,0,1,0
P12235,0,0,1,0,1
P12236,0,0,1,0,0
P12314,1,1,1,1,1
P12318,1,1,1,1,1
P12319,1,1,1,1,1
P12643,0,0,1,0,0
P12821,1,1,1,1,1
P12830,1,1,1,1,1
P13164,1,0,1,1,1
P13224,1,1,1,1,1
P13385,1,1,1,0,0
P13473,0,1,1,1,1
P13569,1,0,1,0,1
P13591,1,1,1,1,1
P13598,1,1,1,1,1
P13612,1,1,1,1,1
P13637,1,1,0,0,1
P13667,0,0,1,0,0
P13688,1,1,1,1,1
P13726,1,1,1,1,1
P13727,0,0,0,0,1
P13746,1,1,1,1,1
P13747,1,1,1,1,1
P13760,1,1,1,1,1
P13761,1,1,1,1,1
P13762,1,1,1,1,1
P13765,1,1,1,1,1
P13866,1,1,1,0,1
P13945,1,1,1,0,1
P13987,1,1,1,1,0
P14060,0,0,1,0,0
P14091,0,0,0,1,0
P14151,1,1,1,1,1
P14174,0,0,1,0,0
P14207,1,1,1,0,0
P14209,1,0,1,1,1
P14384,1,1,1,0,0
P14410,0,0,1,0,0
P14415,1,1,1,1,1
P14416,1,1,0,0,1
P14616,1,1,1,0,1
P14672,1,1,1,0,1
P14679,0,1,1,0,0
P14735,0,0,1,0,0
P14770,1,0,1,1,1
P14778,1,1,1,1,1
P14784,1,1,1,1,1
P14867,1,1,1,0,1
P15144,1,1,1,1,0
P15151,1,1,1,1,1
P15260,1,1,1,1,1
P15289,0,0,1,0,0
P15291,0,0,1,0,0
P15328,1,1,1,0,1
P15382,0,0,1,0,1
P15391,1,1,1,1,1
P15421,1,0,1,0,1
P15502,0,0,0,0,1
P15509,1,1,1,1,1
P15514,0,1,1,0,1
P15529,1,1,1,1,1
P15692,0,0,1,0,0
P15812,0,1,1,1,1
P15813,1,1,1,1,1
P15814,0,0,0,1,0
P15848,0,0,1,0,0
P15907,0,0,1,0,0
P15941,1,1,1,1,1
P15954,0,0,1,0,0
P16035,0,0,1,0,0
P16066,1,1,1,0,0
P16070,1,1,1,1,1
P16109,1,1,1,1,1
P16144,1,1,1,1,0
P16150,1,1,1,1,1
P16188,1,1,1,1,1
P16189,1,1,1,1,1
P16190,1,1,1,1,1
P16234,1,1,1,1,1
P16260,0,0,1,0,0
P16284,1,1,1,1,1
P16389,1,0,1,0,1
P16410,1,1,1,1,1
P16422,1,1,1,1,1
P16442,0,0,1,0,0
P16444,1,1,0,0,0
P16471,1,1,1,1,1
P16473,1,1,1,0,1
P16581,1,1,1,1,1
P16615,0,0,0,0,1
P16662,0,0,1,0,0
P16671,1,1,1,1,1
P16871,1,1,1,1,1
P17152,0,0,1,0,0
P17181,1,1,0,1,1
P17301,1,1,1,1,1
P17302,1,1,1,1,1
P17342,1,1,1,0,1
P17643,0,1,1,0,1
P17658,1,0,1,0,1
P17693,1,1,1,1,1
P17706,0,0,0,0,1
P17787,1,1,1,0,1
P17813,1,1,1,1,1
P17861,0,0,1,0,0
P17927,1,1,1,1,1
P17931,0,0,1,0,0
P17948,1,1,1,1,0
P18031,0,0,0,0,1
P18084,1,1,1,1,1
P18089,1,1,0,0,1
P18405,0,0,1,0,0
P18428,0,0,1,0,0
P18433,1,1,1,0,1
P18462,1,1,1,1,1
P18463,1,1,1,1,1
P18464,1,1,1,1,1
P18465,1,1,1,1,1
P18505,1,1,1,0,1
P18507,1,1,0,0,1
P18564,1,1,1,0,1
P18577,0,0,1,1,1
P18627,1,1,1,1,1
P18825,1,1,0,0,1
P18827,1,1,1,1,1
P18850,0,0,1,0,0
P19013,0,0,1,0,0
P19021,0,1,1,0,1
P19022,1,1,1,1,1
P19075,1,1,1,0,1
P19224,0,0,1,0,0
P19235,1,1,1,1,1
P19256,1,1,1,1,1
P19320,1,1,1,1,1
P19397,1,1,1,1,1
P19438,1,1,1,1,1
P19440,1,1,1,1,1
P19526,0,0,1,0,0
P19634,1,1,1,0,1
P20020,1,0,1,0,1
P20023,1,1,1,1,1
P20036,1,1,1,1,1
P20039,1,1,1,1,1
P20138,1,1,1,1,1
P20273,1,1,1,1,1
P20292,0,0,0,1,1
P20309,1,1,0,1,1
P20333,1,1,1,1,1
P20594,1,1,1,0,0
P20645,0,1,1,0,1
P20648,0,0,1,0,1
P20701,1,1,1,1,1
P20702,1,1,1,1,1
P20827,1,1,0,1,0
P20916,1,1,1,0,1
P20963,1,0,1,1,1
P21145,1,0,0,1,1
P21217,0,0,1,0,0
P21397,0,0,1,0,0
P21439,1,1,1,1,1
P21452,1,1,1,1,1
P21453,1,1,1,1,1
P21462,1,1,0,1,1
P21554,1,1,1,1,1
P21579,0,0,1,0,1
P21583,1,1,1,1,1
P21589,1,1,1,1,1
P21709,1,1,1,0,1
P21728,1,1,0,0,1
P21730,1,1,1,1,1
P21731,1,1,1,1,1
P21754,1,1,1,0,1
P21757,1,1,1,1,1
P21796,0,0,1,0,0
P21802,1,1,1,1,1
P21810,0,0,1,0,0
P21817,0,0,1,0,1
P21854,1,0,1,1,1
P21860,1,1,1,1,1
P21917,1,1,1,0,1
P21918,1,1,0,0,1
P21926,1,1,1,1,1
P21964,1,0,1,0,0
P22001,1,1,0,1,1
P22083,0,0,1,0,0
P22223,1,1,1,1,1
P22303,1,1,1,0,0
P22413,1,1,1,0,0
P22455,1,1,1,1,0
P22459,1,0,1,0,1
P22460,1,0,1,0,1
P22607,1,1,1,1,1
P22732,1,1,1,1,1
P22748,1,1,1,0,1
P22760,0,0,1,0,0
P22794,1,1,1,1,1
P22888,1,1,1,0,1
P22897,1,1,1,1,1
P23229,1,1,1,1,1
P23276,1,1,1,1,1
P23415,1,1,1,0,1
P23416,1,1,1,0,1
P23443,0,0,1,0,0
P23467,1,1,1,0,0
P23468,1,1,1,0,1
P23469,1,0,1,1,1
P23470,1,1,1,0,1
P23471,1,1,1,0,1
P23510,1,1,1,1,0
P23515,1,1,0,0,0
P23634,1,1,1,1,1
P23763,0,0,1,0,1
P23942,0,1,1,0,1
P23945,1,1,1,0,1
P23975,1,1,0,0,1
P24046,1,1,0,0,1
P24071,1,1,1,1,1
P24158,0,0,0,1,0
P24310,0,0,1,0,0
P24311,0,0,1,0,0
P24390,0,0,1,0,0
P24394,1,1,1,1,0
P24530,1,1,1,1,1
P24557,0,0,1,0,0
P24666,0,0,0,0,1
P25021,1,1,0,1,1
P25024,1,1,1,1,1
P25025,1,1,1,1,1
P25063,1,1,1,1,1
P25089,1,1,0,1,1
P25090,1,1,1,1,1
P25092,1,1,1,0,1
P25100,1,1,1,0,1
P25101,1,1,1,0,1
P25103,1,1,1,1,1
P25105,1,1,0,1,1
P25106,1,1,1,1,1
P25116,1,1,1,1,1
P25189,1,1,1,0,1
P25445,1,1,1,1,0
P25874,0,0,1,0,0
P25929,1,1,1,1,1
P25942,1,1,1,1,1
P26006,1,1,1,1,1
P26010,1,1,1,1,1
P26012,1,1,1,0,1
P26439,0,0,1,0,0
P26572,0,0,1,0,0
P26678,0,0,1,0,0
P26715,1,1,1,1,1
P26717,1,1,1,1,1
P26718,1,1,1,1,1
P26842,1,1,1,1,1
P26951,1,1,1,1,1
P26992,1,1,0,0,0
P27037,1,1,1,1,1
P27105,0,0,0,0,1
P27338,0,0,1,0,0
P27449,0,0,1,0,1
P27487,1,1,1,0,0
P27544,0,0,1,0,0
P27701,1,1,1,1,1
P27797,0,0,1,0,0
P27824,0,0,1,0,0
P27930,1,1,1,1,1
P28067,0,1,1,1,1
P28068,0,1,1,1,1
P28221,1,1,0,0,1
P28222,1,1,1,0,1
P28223,1,1,1,0,1
P28288,0,0,1,0,0
P28328,0,0,1,0,0
P28335,1,1,1,0,1
P28336,1,1,1,0,1
P28472,1,1,0,0,1
P28476,1,1,0,0,1
P28566,1,1,1,0,1
P28827,1,1,1,0,1
P28845,0,0,1,0,0
P28906,1,1,1,1,1
P28907,1,1,1,1,0
P28908,1,1,1,1,1
P29016,1,1,1,1,1
P29017,1,1,1,1,1
P29033,1,1,1,0,1
P29122,0,0,1,0,0
P29274,1,1,0,1,1
P29275,1,1,1,1,1
P29317,1,1,1,1,1
P29320,1,1,1,0,1
P29322,1,1,1,1,1
P29323,1,1,1,0,1
P29371,1,1,0,0,1
P29376,1,1,1,1,1
P29965,1,1,1,1,0
P29972,1,1,1,1,1
P29973,1,0,1,0,1
P30040,0,0,1,0,0
P30101,0,0,1,0,0
P30203,1,1,1,1,1
P30273,1,0,1,1,0
P30301,1,1,1,0,1
P30408,1,1,1,0,1
P30411,1,1,1,0,1
P30443,1,1,1,1,1
P30447,1,1,1,1,1
P30450,1,1,1,1,1
P30453,1,1,1,1,1
P30455,1,1,1,1,1
P30456,1,1,1,1,1
P30457,1,1,1,1,1
P30459,1,1,1,1,1
P30460,1,1,1,1,1
P30461,1,1,1,1,1
P30462,1,1,1,1,1
P30464,1,1,1,1,1
P30466,1,1,1,1,1
P30475,1,1,1,1,1
P30479,1,1,1,1,1
P30480,1,1,1,1,1
P30481,1,1,1,1,1
P30483,1,1,1,1,1
P30484,1,1,1,1,1
P30485,1,1,1,1,1
P30486,1,1,1,1,1
P30487,1,1,1,1,1
P30488,1,1,1,1,1
P30490,1,1,1,1,1
P30491,1,1,1,1,1
P30492,1,1,1,1,1
P30493,1,1,1,1,1
P30495,1,1,1,1,1
P30498,1,1,1,1,1
P30499,1,1,1,1,1
P30501,1,1,1,1,1
P30504,1,1,1,1,1
P30505,1,1,1,1,1
P30508,1,1,1,1,1
P30510,1,1,1,1,1
P30511,1,1,1,1,1
P30512,1,1,1,1,1
P30518,1,1,0,0,1
P30530,1,1,1,1,1
P30531,1,1,1,0,1
P30532,1,1,1,1,1
P30533,0,0,1,0,0
P30536,0,0,1,0,0
P30542,1,1,1,1,1
P30550,1,1,1,0,1
P30556,1,1,1,1,1
P30559,1,1,1,0,1
P30685,1,1,1,1,1
P30825,1,1,1,0,1
P30872,1,1,1,0,1
P30874,1,1,0,1,1
P30926,1,1,0,1,1
P30939,1,1,1,0,1
P30953,1,1,1,0,1
P30954,1,1,0,0,1
P30968,1,1,0,0,1
P30988,1,1,0,0,1
P30989,1,1,0,1,1
P31358,0,1,0,1,1
P31391,1,1,1,1,1
P31431,1,0,1,1,1
P31512,0,0,1,0,0
P31639,1,1,1,0,1
P31641,1,1,1,0,1
P31644,1,1,1,0,1
P31645,1,1,1,0,1
P31785,1,1,1,1,1
P31994,1,1,1,1,1
P31995,1,1,1,1,1
P31997,1,1,0,1,0
P32004,1,1,1,1,1
P32238,1,1,1,1,1
P32239,1,1,1,0,1
P32241,1,1,1,1,1
P32245,1,1,0,0,1
P32246,1,1,1,1,1
P32247,1,1,1,0,1
P32248,1,1,1,1,1
P32249,1,1,1,1,1
P32297,1,1,1,1,1
P32302,1,1,1,1,1
P32418,1,1,0,0,1
P32745,1,1,1,1,1
P32856,0,0,1,0,1
P32926,1,1,1,1,0
P32927,1,1,1,1,1
P32942,1,1,1,1,1
P32970,1,1,1,1,0
P32971,1,1,1,1,1
P33032,1,1,0,1,1
P33121,0,0,1,0,0
P33151,1,1,1,1,1
P33527,1,1,1,1,1
P33681,1,1,1,1,1
P33765,0,1,0,0,0
P33897,0,0,1,0,0
P33908,0,0,1,0,0
P33947,0,0,1,0,0
P34741,1,1,1,1,1
P34810,1,1,1,1,0
P34903,1,1,1,0,1
P34910,1,1,1,1,1
P34925,1,1,1,0,1
P34969,1,1,0,1,1
P34972,1,1,0,1,1
P34981,1,1,0,0,1
P34982,1,1,0,0,1
P34995,1,1,0,0,1
P34998,1,1,0,1,1
P35052,1,1,0,0,0
P35070,1,1,1,0,1
P35212,1,1,1,1,1
P35225,0,0,1,0,0
P35240,0,0,1,0,0
P35241,0,0,1,0,0
P35346,1,1,1,0,1
P35348,1,1,1,0,1
P35367,1,1,0,1,1
P35368,1,1,1,1,1
P35372,1,1,0,1,1
P35408,1,1,0,1,1
P35410,1,1,1,0,1
P35414,1,1,1,0,1
P35462,1,1,0,1,1
P35498,1,1,1,0,1
P35499,1,1,1,0,1
P35523,1,0,0,0,1
P35579,0,0,1,0,0
P35580,0,0,1,0,0
P35590,1,1,1,1,1
P35613,1,1,1,1,1
P35670,1,0,0,0,1
P35916,1,1,1,1,1
P35968,1,1,1,1,1
P36021,1,0,0,1,1
P36268,0,0,1,0,0
P36269,1,0,1,0,0
P36382,1,0,1,1,1
P36383,1,0,1,0,1
P36537,0,0,1,0,0
P36544,1,1,0,1,1
P36873,0,0,1,0,0
P36888,1,1,1,1,1
P36894,1,1,1,1,1
P36896,1,1,1,1,1
P36897,1,1,1,1,1
P36941,1,1,1,1,1
P36956,0,0,1,0,0
P37023,1,1,1,0,1
P37058,0,0,0,0,1
P37059,0,0,1,0,0
P37088,1,1,1,0,1
P37173,1,1,1,1,1
P37287,0,0,1,0,0
P37288,1,1,1,0,1
P38435,0,0,1,0,1
P38484,1,1,1,1,1
P38567,1,1,0,0,1
P38570,1,1,1,1,1
P39086,1,1,1,0,1
P39877,0,0,1,0,0
P39880,0,0,1,0,0
P40126,0,1,1,0,1
P40145,0,0,1,0,1
P40189,1,1,1,1,1
P40197,1,1,1,1,1
P40198,1,1,1,1,1
P40199,1,1,0,1,0
P40200,1,1,1,1,1
P40238,1,1,1,1,1
P40259,1,1,1,1,1
P40305,0,0,1,0,1
P40879,1,1,1,0,1
P40933,0,0,1,0,0
P40967,0,1,1,0,1
P41143,1,1,0,0,1
P41145,1,1,1,0,1
P41146,1,1,0,0,1
P41180,1,1,1,1,1
P41181,1,1,1,1,1
P41217,1,1,1,1,1
P41221,0,0,1,0,0
P41231,1,1,0,1,1
P41273,1,0,1,1,1
P41440,1,1,1,1,1
P41586,1,1,1,0,1
P41587,1,1,0,1,1
P41594,1,1,1,0,1
P41595,1,1,1,0,1
P41597,1,1,1,1,1
P41732,1,1,1,0,1
P41968,1,1,1,0,1
P42081,1,1,1,1,1
P42166,0,0,1,0,0
P42167,0,0,1,0,0
P42261,1,1,1,1,1
P42262,1,1,1,0,1
P42263,1,1,1,1,1
P42658,1,1,1,0,1
P42701,1,1,1,1,1
P42702,1,1,1,1,1
P42857,0,0,1,0,0
P42892,1,1,1,1,1
P43003,1,1,1,0,1
P43004,1,1,1,0,0
P43005,1,1,1,0,1
P43007,1,1,1,0,1
P43088,1,1,1,1,1
P43115,1,1,1,0,1
P43116,1,1,0,1,1
P43119,1,1,0,1,1
P43121,1,1,1,1,1
P43146,1,1,1,1,1
P43220,1,1,1,0,1
P43307,0,1,1,0,0
P43308,0,0,1,0,0
P43489,1,1,1,1,1
P43626,1,1,1,1,1
P43627,1,1,1,0,1
P43628,1,1,1,0,1
P43629,1,1,1,1,1
P43630,1,1,1,1,1
P43631,1,1,1,1,1
P43632,1,1,1,1,1
P43657,1,1,1,1,1
P43681,1,1,1,0,1
P45844,1,0,1,1,1
P45880,0,0,1,0,0
P46059,1,1,0,0,1
P46089,1,1,1,0,1
P46091,1,1,1,0,1
P46092,1,1,1,1,1
P46093,1,1,0,0,1
P46094,1,1,1,1,1
P46095,1,1,1,0,1
P46098,1,1,1,0,1
P46531,1,1,1,1,0
P46663,1,1,1,1,1
P46695,1,0,1,0,0
P46721,1,1,1,0,1
P46977,0,0,1,0,1
P47211,1,1,1,0,1
P47775,1,1,1,0,1
P47804,1,1,0,0,1
P47869,1,1,1,0,1
P47870,1,1,1,0,1
P47871,1,1,0,0,1
P47872,1,1,0,0,1
P47881,1,1,0,0,1
P47883,1,1,0,0,1
P47884,1,1,0,0,1
P47887,1,1,1,0,1
P47888,1,1,1,0,1
P47890,1,1,1,0,1
P47893,1,1,1,0,1
P47898,1,1,1,0,1
P47900,1,1,1,1,1
P47901,1,1,1,0,1
P47985,0,0,1,0,0
P48023,1,1,1,1,1
P48029,1,1,1,0,1
P48039,1,1,0,0,1
P48048,1,0,1,0,1
P48050,1,1,1,1,1
P48051,1,0,1,0,1
P48058,1,1,1,0,1
P48060,0,1,1,0,1
P48061,0,0,1,0,0
P48065,1,1,1,0,1
P48066,1,1,1,0,1
P48067,1,1,1,0,1
P48145,1,1,0,1,1
P48146,1,1,0,1,1
P48165,1,0,1,0,1
P48167,1,1,1,0,1
P48169,1,1,1,0,1
P48201,0,0,1,0,0
P48230,1,1,1,0,1
P48357,1,1,1,1,1
P48509,1,1,1,1,1
P48544,1,0,1,0,1
P48546,1,1,1,0,1
P48547,0,0,1,0,1
P48549,1,1,1,0,1
P48551,1,1,1,1,1
P48651,0,0,1,0,1
P48664,0,1,0,0,1
P48751,0,0,1,0,1
P48764,1,1,1,1,1
P48960,1,1,1,1,1
P48995,1,0,1,1,1
P49019,1,1,0,0,1
P49069,1,0,0,0,0
P49146,1,1,1,0,1
P49190,1,1,0,0,1
P49238,1,1,1,1,1
P49257,0,0,1,0,0
P49279,1,1,1,1,1
P49281,1,1,1,0,1
P49286,1,1,1,0,1
P49327,0,0,1,1,0
P49447,0,0,1,0,1
P49641,0,0,1,0,0
P49682,1,1,1,1,1
P49683,1,1,0,0,1
P49685,1,1,1,1,1
P49755,0,0,1,1,1
P49768,0,1,1,0,1
P49771,1,1,1,1,1
P49788,0,0,1,0,0
P49810,0,1,1,0,1
P49895,0,0,1,0,0
P49908,0,0,1,1,1
P49961,1,1,1,1,1
P50052,1,1,1,1,1
P50281,1,1,1,0,1
P50391,1,1,1,0,1
P50402,0,0,1,0,0
P50406,1,1,1,0,1
P50416,0,0,1,0,0
P50443,0,1,1,0,1
P50591,1,0,1,1,0
P50851,0,0,1,0,1
P50876,0,0,1,0,0
P50895,1,1,1,1,0
P50993,1,1,1,1,1
P51164,1,1,1,0,1
P51168,1,1,1,1,1
P51170,1,1,1,1,1
P51172,1,1,0,1,1
P51511,1,0,1,0,1
P51512,1,1,1,0,1
P51571,0,0,1,0,0
P51572,0,0,1,0,1
P51575,1,1,1,1,1
P51582,1,1,1,1,1
P51636,0,0,0,0,1
P51648,0,0,1,0,0
P51654,1,1,0,0,0
P51674,1,1,1,0,1
P51677,1,1,1,1,1
P51679,1,1,1,1,1
P51681,1,1,1,1,1
P51684,1,1,1,1,1
P51685,1,1,1,1,1
P51686,1,1,1,1,1
P51690,0,0,0,0,1
P51693,1,1,1,0,1
P51787,1,0,1,1,1
P51788,0,0,0,0,1
P51790,0,0,1,0,0
P51793,0,0,0,0,1
P51795,0,0,0,0,1
P51797,0,0,0,1,1
P51798,0,0,0,1,1
P51800,0,0,0,0,1
P51801,0,1,0,0,1
P51805,1,1,1,0,0
P51809,0,0,1,0,0
P51810,1,1,1,0,1
P51811,1,0,1,0,1
P51828,0,1,0,1,1
P51841,1,0,1,0,1
P51993,0,0,1,0,0
P52429,0,0,1,0,0
P52569,1,1,1,0,1
P52797,1,1,0,0,0
P52798,1,1,0,1,0
P52799,1,1,1,1,1
P52803,1,1,1,1,0
P52848,0,0,1,0,0
P52849,0,0,1,0,0
P52961,1,1,1,1,0
P53007,0,0,1,0,0
P53708,1,1,1,1,1
P53794,1,1,1,0,0
P53801,1,1,1,0,0
P53805,0,0,1,1,1
P53816,0,0,1,0,1
P53985,1,1,1,0,1
P54219,0,1,1,1,1
P54289,1,0,1,0,0
P54578,0,0,1,0,0
P54652,0,0,1,0,0
P54707,0,0,0,0,1
P54709,1,1,1,1,1
P54710,0,0,1,1,1
P54753,1,1,1,0,1
P54756,1,1,1,0,1
P54760,1,1,1,1,1
P54762,1,1,1,0,1
P54764,1,1,1,1,1
P54793,0,0,0,0,1
P54826,1,1,0,0,0
P54829,0,0,0,0,1
P54849,0,1,1,0,1
P54851,1,1,1,0,1
P54852,0,1,1,1,1
P54855,0,0,1,0,0
P55011,1,1,1,0,1
P55017,0,1,1,1,1
P55061,0,0,1,1,1
P55064,1,1,1,1,1
P55073,1,0,1,0,0
P55075,0,0,1,0,0
P55082,1,1,1,0,0
P55085,1,1,1,1,1
P55087,1,1,1,0,1
P55160,0,0,1,1,0
P55259,1,1,0,0,1
P55283,1,1,1,1,1
P55285,1,1,1,1,1
P55286,1,1,0,0,1
P55287,1,1,1,0,1
P55289,1,1,1,0,1
P55290,1,1,1,0,0
P55291,1,1,1,1,1
P55344,1,1,1,1,1
P55774,0,0,0,0,1
P55808,1,0,1,0,1
P55851,0,0,1,0,0
P55899,1,1,1,1,1
P55916,0,0,1,0,0
P56134,0,0,1,0,0
P56159,1,1,0,0,0
P56180,0,0,0,0,1
P56199,1,1,1,1,0
P56373,1,1,1,0,1
P56378,0,0,1,0,0
P56539,0,0,1,0,1
P56557,0,0,0,0,1
P56589,0,0,1,0,0
P56696,1,0,1,0,1
P56704,0,0,1,0,0
P56705,0,0,1,0,0
P56746,1,1,1,0,1
P56747,1,1,0,0,1
P56748,1,1,1,0,1
P56749,1,1,1,0,1
P56750,1,0,1,0,1
P56817,1,1,1,1,1
P56856,1,1,1,0,1
P56880,1,1,1,0,1
P56937,1,0,1,0,0
P56962,0,0,1,0,1
P56975,1,0,1,0,1
P57054,0,0,0,0,1
P57057,0,1,0,1,1
P57087,1,1,1,1,1
P57088,0,0,1,0,1
P57103,1,1,1,0,1
P57105,0,0,1,0,0
P57679,1,0,1,0,0
P57727,1,0,1,0,0
P57738,1,0,1,1,1
P57739,1,1,1,0,1
P57773,1,0,1,0,1
P57789,0,0,1,0,1
P58170,1,1,1,0,1
P58173,1,1,1,0,1
P58180,1,1,0,0,1
P58181,1,1,1,0,1
P58182,1,1,1,0,1
P58335,1,1,1,1,1
P58400,1,1,1,0,1
P58401,1,1,1,0,1
P58418,0,1,1,0,1
P58511,0,0,1,0,0
P58550,1,0,1,0,0
P58658,1,1,1,0,1
P58743,1,1,1,0,1
P58753,0,0,0,1,1
P58872,0,0,1,0,1
P59025,1,0,1,0,1
P59533,1,1,1,0,1
P59534,1,1,1,0,1
P59535,1,0,1,0,1
P59536,1,0,0,0,1
P59537,1,0,1,0,1
P59538,1,0,1,0,1
P59539,1,0,1,0,1
P59540,1,1,1,0,1
P59541,1,1,1,0,0
P59542,1,1,1,0,1
P59543,1,1,1,0,1
P59544,1,0,1,0,1
P59551,1,0,0,0,1
P59646,1,0,1,0,1
P59773,0,0,1,0,0
P59861,0,0,1,0,0
P59901,1,1,1,1,0
P59922,1,1,0,0,0
P60033,1,0,1,1,1
P60059,1,0,1,0,0
P60201,1,1,1,1,1
P60468,0,0,1,0,0
P60507,1,1,1,0,0
P60508,1,1,0,0,0
P60509,0,1,1,0,0
P60602,0,0,1,0,0
P60852,1,1,1,0,1
P60893,1,1,1,0,1
P60903,0,0,0,0,1
P61009,0,0,1,0,0
P61073,1,1,1,1,1
P61165,0,0,1,0,1
P61266,0,0,1,0,1
P61550,1,1,1,0,0
P61565,1,1,1,0,0
P61566,0,1,1,0,0
P61567,0,1,1,0,0
P61570,0,1,1,0,0
P61571,0,0,1,0,0
P61572,0,0,1,0,0
P61573,0,0,1,0,0
P61574,0,0,1,0,0
P61575,0,0,1,0,0
P61579,0,0,1,0,0
P61581,0,0,1,0,0
P61582,0,0,1,0,0
P61586,0,0,1,0,0
P61619,0,0,1,0,0
P61647,0,0,1,0,0
P61769,0,0,1,1,0
P61803,0,0,1,0,1
P62079,1,1,1,0,1
P62330,0,0,1,0,0
P62491,0,0,1,0,0
P62683,0,0,1,0,0
P62684,0,0,1,0,0
P62685,0,0,1,0,0
P62745,0,0,1,0,0
P62952,0,0,1,0,1
P62955,0,1,0,0,1
P63027,0,0,1,0,1
P63119,0,0,1,0,0
P63120,0,0,1,0,0
P63121,0,0,1,0,0
P63122,0,0,1,0,0
P63123,0,0,1,0,0
P63125,0,0,1,0,0
P63126,0,0,1,0,0
P63127,0,0,1,0,0
P63128,0,0,1,0,0
P63129,0,0,1,0,0
P63130,0,0,1,0,0
P63131,0,0,1,0,0
P63132,0,0,1,0,0
P63133,0,0,1,0,0
P63135,0,0,1,0,0
P63136,0,0,1,0,0
P63145,0,0,1,0,0
P63252,1,0,1,0,1
P67812,0,0,1,0,0
P69849,1,0,1,0,0
P78310,1,1,1,1,1
P78324,1,1,1,1,1
P78325,1,1,1,1,1
P78333,0,1,0,0,0
P78334,1,1,1,0,1
P78348,1,1,1,0,0
P78357,1,1,1,0,1
P78363,1,1,0,0,1
P78369,1,1,0,0,1
P78380,1,1,1,1,1
P78381,0,0,1,0,0
P78382,0,0,1,0,1
P78383,0,0,0,0,1
P78410,1,1,1,1,1
P78423,1,1,1,1,1
P78504,1,1,1,1,1
P78508,1,0,1,0,1
P78536,1,1,1,1,1
P78539,0,0,1,0,0
P78552,1,1,1,1,1
P78562,1,1,1,0,0
P79483,1,1,1,1,1
P80370,1,1,1,0,1
P81408,0,1,1,0,1
P82251,1,1,0,0,1
P82279,1,1,1,0,1
P84157,0,0,1,0,0
P98073,1,1,1,0,0
P98153,1,1,0,0,1
P98155,1,1,1,0,1
P98161,1,1,1,0,1
P98164,1,1,1,0,0
P98172,1,1,1,1,1
P98187,0,0,1,0,0
P98194,0,0,1,0,1
P98196,1,0,1,0,1
P98198,0,0,0,0,1
Q00325,0,0,1,0,1
Q00604,0,0,1,0,0
Q00765,0,0,1,0,1
Q00839,0,0,1,0,0
Q00973,0,0,1,0,0
Q00975,1,0,1,0,1
Q00LT1,0,0,1,0,0
Q01113,1,1,1,1,1
Q01118,1,1,1,0,1
Q01151,1,1,1,1,1
Q01344,1,1,1,1,1
Q01362,1,0,1,1,1
Q01453,1,0,1,0,1
Q01628,1,0,1,1,1
Q01629,1,0,1,1,1
Q01638,1,1,1,1,1
Q01650,1,1,1,1,1
Q01668,1,0,1,0,1
Q01718,1,1,0,0,1
Q01726,1,1,1,0,1
Q01814,1,1,1,0,1
Q01959,1,1,0,0,1
Q01973,1,1,1,0,1
Q01974,1,1,1,0,1
Q02094,1,1,1,0,1
Q02127,0,0,1,0,0
Q02161,0,0,1,1,1
Q02223,1,1,1,1,1
Q02246,1,1,1,0,0
Q02297,1,1,1,0,1
Q02413,1,1,1,0,0
Q02487,1,1,1,1,1
Q02505,0,1,1,0,0
Q02643,1,1,1,0,1
Q02763,1,1,1,1,1
Q02846,1,0,1,0,1
Q02978,0,0,1,0,0
Q03135,0,0,0,0,1
Q03167,1,1,1,1,1
Q03395,0,0,0,0,1
Q03405,1,1,0,1,0
Q03431,1,1,1,0,1
Q03518,0,0,1,0,0
Q03721,0,0,1,0,1
Q04609,1,1,1,1,0
Q04656,1,0,0,0,1
Q04671,1,0,0,0,1
Q04721,1,1,1,1,1
Q04771,1,1,1,1,1
Q04826,1,1,1,1,1
Q04844,1,1,1,0,1
Q04900,1,1,1,1,1
Q04912,1,1,1,1,1
Q04941,0,0,1,0,0
Q05586,1,1,1,0,1
Q05901,1,1,1,1,1
Q05940,0,1,1,0,1
Q05996,1,1,1,0,1
Q06055,0,0,1,0,0
Q06136,0,0,1,0,0
Q06418,1,1,1,0,1
Q06432,1,1,1,0,1
Q06481,1,1,1,0,0
Q06495,1,1,1,0,1
Q06643,1,0,1,1,0
Q07000,1,1,1,1,1
Q07001,1,1,1,0,1
Q07011,1,1,1,1,1
Q07021,0,0,1,0,0
Q07065,1,0,1,0,1
Q07075,1,1,1,1,0
Q07108,1,1,1,1,1
Q07325,0,0,1,0,0
Q07326,0,0,1,0,0
Q07444,1,1,1,1,1
Q075Z2,0,0,1,0,0
Q07699,1,1,1,0,1
Q07812,0,0,1,0,1
Q07817,0,0,1,0,0
Q07820,0,0,1,0,0
Q07837,1,1,1,0,1
Q07954,1,1,1,1,1
Q08174,1,1,1,0,1
Q08334,1,1,1,1,1
Q08345,1,1,1,1,1
Q08357,1,1,1,0,1
Q08431,0,0,1,0,0
Q08462,0,1,0,0,1
Q08477,0,0,1,0,0
Q08554,1,1,1,1,1
Q08708,1,1,1,1,1
Q08722,1,1,1,1,1
Q08828,0,0,1,1,1
Q08AI6,0,1,1,0,1
Q08ET2,1,1,1,0,0
Q09013,0,0,1,0,0
Q09160,1,1,1,1,1
Q09327,0,0,1,0,0
Q09328,0,0,1,0,0
Q09428,1,0,1,1,1
Q09470,1,0,1,0,1
Q0D2K0,1,1,1,0,0
Q0GE19,1,0,0,0,1
Q0P670,0,0,1,0,1
Q0P6D2,0,0,1,0,0
Q0P6H9,0,1,1,0,1
Q0VAQ4,1,0,1,0,0
Q0VDI3,0,0,1,0,1
Q0VGM3,0,0,0,0,1
Q10469,0,0,1,0,0
Q10471,0,0,1,0,0
Q10472,0,0,1,0,0
Q10588,1,1,0,1,0
Q10589,1,1,1,1,0
Q10981,0,0,1,0,0
Q11128,0,0,1,0,0
Q11130,0,0,1,0,0
Q11201,0,0,1,0,0
Q11203,0,0,1,0,0
Q11206,0,0,1,0,0
Q12767,0,0,1,0,1
Q12770,0,1,1,0,0
Q12772,0,0,1,0,0
Q12791,1,0,1,0,1
Q12797,0,0,1,0,0
Q12809,1,0,1,0,1
Q12836,1,1,1,0,1
Q12846,1,0,1,1,1
Q12860,1,1,0,0,0
Q12864,1,1,1,0,1
Q12866,1,1,1,0,1
Q12879,1,1,0,0,1
Q12884,1,1,1,0,0
Q12891,1,1,1,0,0
Q12893,0,0,1,0,1
Q12904,0,0,1,0,0
Q12907,0,1,1,0,0
Q12908,1,1,1,0,1
Q12912,0,0,1,0,1
Q12913,1,1,1,1,1
Q12918,1,1,1,1,1
Q12955,0,0,1,0,0
Q12981,0,0,1,0,1
Q12983,0,0,1,0,0
Q12999,1,1,1,0,1
Q13002,1,1,1,0,1
Q13003,1,1,1,0,1
Q13018,1,1,1,1,1
Q13021,0,0,0,0,1
Q13061,0,0,1,0,0
Q13113,0,0,1,0,1
Q13145,1,1,1,1,1
Q13183,0,1,1,0,1
Q13190,0,0,1,0,0
Q13214,0,0,0,1,0
Q13224,1,1,1,0,1
Q13241,1,0,1,1,0
Q13255,1,1,1,0,1
Q13258,1,1,0,1,1
Q13261,1,1,1,1,0
Q13277,1,0,1,1,1
Q13286,0,1,1,0,0
Q13291,1,1,1,1,1
Q13303,0,0,1,0,1
Q13304,1,1,0,0,1
Q13308,1,1,1,0,1
Q13323,0,0,1,0,1
Q13324,1,1,1,0,1
Q13326,1,0,1,0,0
Q13332,1,1,1,0,1
Q13336,0,1,0,1,1
Q13349,1,1,1,1,1
Q13370,0,0,0,0,1
Q13410,1,1,1,1,1
Q13421,1,1,1,0,0
Q13423,0,0,1,0,0
Q13433,1,1,1,0,1
Q13443,1,1,1,1,1
Q13444,1,1,1,1,1
Q13445,1,0,1,0,1
Q13449,1,1,1,0,1
Q13454,0,0,1,0,1
Q13467,1,1,1,0,1
Q13477,1,0,1,0,0
Q13478,1,1,1,1,1
Q13488,0,1,1,1,1
Q13491,0,1,1,0,1
Q13505,0,0,1,0,0
Q13507,1,0,1,1,1
Q13508,1,1,0,1,1
Q13520,1,0,1,0,1
Q13530,1,1,0,0,1
Q13563,1,1,1,0,1
Q13571,0,0,0,0,1
Q13576,0,0,1,0,0
Q13585,1,1,1,0,1
Q13586,1,1,1,0,1
Q13591,1,1,1,0,1
Q13606,1,1,1,0,1
Q13607,1,1,0,0,1
Q13621,0,1,1,0,1
Q13634,1,1,1,0,1
Q13635,1,1,1,0,1
Q13639,1,1,1,0,1
Q13641,1,1,1,0,1
Q13651,1,1,1,1,1
Q13683,1,1,1,1,1
Q13685,0,0,1,0,0
Q13698,1,0,0,0,1
Q13705,1,1,1,1,1
Q13724,0,0,1,0,0
Q13733,1,1,1,0,1
Q13740,1,1,1,1,1
Q13797,1,1,1,1,1
Q13873,1,1,1,1,1
Q13887,0,0,1,0,1
Q13936,1,1,1,0,1
Q13948,0,0,1,0,0
Q14002,1,1,0,0,0
Q14003,0,0,1,0,1
Q14028,1,0,1,0,0
Q14108,0,1,1,0,1
Q14112,0,0,1,0,0
Q14114,1,1,1,1,1
Q14118,1,1,1,0,1
Q14126,1,1,1,0,0
Q14141,0,0,1,0,0
Q14162,1,1,1,0,0
Q14165,0,0,0,1,1
Q14210,1,1,1,0,1
Q14242,1,1,1,1,1
Q14246,1,1,1,1,1
Q14254,0,0,0,1,0
Q14318,0,0,1,0,1
Q14330,1,1,1,1,1
Q14332,1,1,1,1,1
Q14390,0,0,1,0,0
Q14392,1,1,1,1,1
Q14416,1,1,1,0,1
Q14432,0,0,1,1,1
Q14435,0,0,1,0,0
Q14439,1,1,0,0,1
Q14494,0,0,1,0,0
Q14500,1,1,1,0,1
Q14512,0,0,1,0,0
Q14517,1,1,1,0,1
Q14524,1,1,1,0,1
Q14534,0,0,1,0,1
Q14542,0,1,0,1,1
Q14571,1,0,0,0,1
Q14573,1,0,1,0,0
Q14574,1,1,1,0,1
Q14626,1,1,1,1,1
Q14627,1,1,1,1,1
Q14643,0,0,1,0,1
Q14654,1,0,1,0,1
Q14656,0,0,0,0,1
Q14689,0,0,1,0,0
Q14703,0,0,1,0,0
Q14714,1,1,1,0,1
Q14721,1,0,1,1,1
Q14728,0,0,1,0,1
Q14739,0,0,1,0,0
Q14761,0,0,1,1,1
Q14773,1,1,1,1,1
Q14789,0,0,1,0,0
Q147U7,0,0,1,0,0
Q14802,1,0,1,0,1
Q14831,1,1,1,0,1
Q14832,1,1,1,0,1
Q14833,1,1,1,0,1
Q14849,1,0,1,0,1
Q14916,0,1,1,0,1
Q14940,0,0,1,1,1
Q14943,1,1,0,0,0
Q14952,1,1,0,1,1
Q14953,1,1,1,1,1
Q14954,1,1,1,1,1
Q14956,1,1,0,1,1
Q14957,1,1,0,0,1
Q14973,0,1,1,0,1
Q14982,1,1,1,0,0
Q14BN4,1,0,1,0,1
Q14C87,1,1,1,0,1
Q14CN2,0,1,1,0,1
Q14CX5,0,0,1,0,1
Q14CZ8,1,1,1,0,1
Q14D33,0,0,1,0,0
Q14DG7,1,1,1,0,1
Q15005,0,0,1,0,0
Q15011,0,0,1,0,0
Q15012,0,0,1,0,1
Q15019,0,0,1,0,0
Q15035,1,0,1,0,1
Q15041,0,0,1,0,0
Q15043,1,1,1,0,1
Q15077,1,1,1,1,1
Q15109,1,1,1,1,1
Q15116,1,1,1,1,1
Q15125,0,1,1,0,1
Q15139,0,0,1,0,1
Q15155,1,0,1,0,0
Q15223,1,1,1,1,1
Q15256,1,1,1,0,1
Q15262,1,1,1,1,1
Q15303,1,1,1,0,1
Q15363,0,0,1,0,0
Q15375,1,1,1,0,1
Q15388,0,0,1,0,0
Q15391,1,1,0,1,1
Q15392,0,0,1,0,0
Q15399,1,1,1,1,1
Q15413,0,0,0,0,1
Q15465,0,0,1,0,0
Q15546,0,0,1,1,1
Q15612,1,1,1,0,1
Q15614,0,1,0,0,0
Q15615,1,1,0,0,1
Q15617,1,1,0,0,1
Q15619,1,1,0,0,1
Q15620,1,1,1,0,1
Q15622,1,1,1,0,1
Q15629,0,0,1,0,0
Q15722,1,1,1,1,1
Q15738,0,0,1,0,1
Q15743,1,1,1,1,1
Q15746,0,0,1,0,0
Q15758,1,1,1,0,1
Q15760,1,1,0,0,1
Q15761,1,1,0,0,1
Q15762,1,1,1,1,1
Q15768,1,1,0,0,1
Q15800,0,0,1,0,1
Q15822,1,1,0,1,1
Q15825,1,1,0,0,1
Q15836,0,0,0,0,1
Q15842,1,0,1,0,1
Q15848,0,0,1,0,0
Q15849,0,1,0,0,1
Q15858,1,1,1,0,1
Q15878,1,0,1,0,1
Q15884,0,0,1,0,1
Q15904,0,0,1,0,1
Q16099,1,1,1,0,1
Q16181,0,0,1,0,0
Q16206,0,0,1,0,0
Q16280,1,0,0,0,0
Q16281,1,0,0,0,1
Q16288,1,1,1,1,1
Q16322,0,0,1,0,1
Q16348,1,1,1,0,1
Q16394,0,0,1,0,0
Q16445,1,1,1,0,1
Q16478,1,1,1,0,1
Q16512,0,0,1,0,0
Q16513,0,0,1,0,0
Q16515,1,0,1,0,0
Q16538,1,1,0,0,1
Q16549,1,0,1,0,0
Q16552,0,0,1,0,0
Q16553,1,1,0,0,0
Q16558,1,1,1,0,1
Q16563,0,1,1,0,1
Q16570,1,1,1,1,1
Q16572,0,1,0,0,0
Q16581,1,1,0,1,1
Q16585,1,1,1,0,1
Q16586,1,1,1,0,0
Q16602,1,1,0,0,1
Q16610,1,0,0,0,0
Q16611,0,0,1,0,1
Q16617,0,0,1,1,1
Q16620,1,1,1,1,1
Q16623,1,0,1,1,1
Q16625,1,0,1,0,1
Q16635,0,0,1,0,0
Q16651,0,1,1,0,0
Q16653,1,1,1,0,1
Q16655,0,0,1,0,0
Q16671,1,1,1,0,0
Q16706,0,0,1,0,0
Q16720,1,1,1,0,1
Q16790,1,0,1,0,0
Q16819,1,1,1,0,1
Q16820,1,1,1,0,1
Q16821,0,0,1,0,1
Q16827,1,1,1,1,1
Q16832,1,1,1,1,1
Q16842,0,0,1,0,0
Q16849,0,1,1,1,1
Q16850,0,0,1,0,1
Q16853,1,1,1,1,0
Q16873,0,0,1,1,1
Q16880,0,1,1,0,0
Q16891,0,0,1,0,0
Q17R55,1,1,1,0,1
Q17R60,0,0,0,0,1
Q17RQ9,0,0,1,0,1
Q17RY6,1,1,0,0,1
Q19T08,1,1,1,0,0
Q1AE95,0,0,1,0,0
Q1EHB4,1,1,1,0,1
Q1HG43,1,1,0,0,1
Q1HG44,1,0,0,0,1
Q24JP5,1,1,1,0,1
Q24JQ0,0,0,1,0,1
Q29718,1,1,1,1,1
Q29836,1,1,1,1,1
Q29865,1,1,1,1,1
Q29940,1,1,1,1,1
Q29960,1,1,1,1,1
Q29963,1,1,1,1,1
Q29974,0,1,1,1,1
Q29980,1,1,1,1,0
Q29983,1,1,1,1,1
Q2HXU8,1,1,1,1,1
Q2I0M4,1,0,1,0,1
Q2KHT4,0,1,0,0,1
Q2LD37,0,0,1,0,0
Q2M2E3,0,0,1,0,1
Q2M385,0,1,1,0,0
Q2M3C6,1,0,1,0,0
Q2M3G0,0,1,0,0,0
Q2M3M2,1,1,1,0,1
Q2M3R5,0,0,0,0,1
Q2M3T9,1,0,1,0,0
Q2PZI1,0,0,1,0,0
Q2T9K0,1,0,0,0,1
Q2TAA5,0,0,1,0,1
Q2TBF2,0,0,1,0,0
Q2VWP7,1,1,1,0,1
Q2VYF4,0,0,1,0,0
Q2WEN9,0,0,0,0,1
Q2WGJ9,1,0,1,0,1
Q2Y0W8,1,1,0,0,1
Q30134,1,1,1,1,1
Q30154,1,1,1,1,1
Q30167,1,1,1,1,1
Q30201,1,1,1,1,1
Q30KP9,0,0,1,0,0
Q30KQ4,0,0,1,0,0
Q30KQ5,0,0,1,0,0
Q31610,1,1,1,1,1
Q31612,1,1,1,1,1
Q32M45,1,0,0,0,1
Q32ZL2,0,1,1,0,1
Q3B7T3,0,0,1,0,0
Q3C1V0,0,0,1,0,0
Q3KNS1,0,1,1,0,1
Q3KNT9,1,1,1,0,1
Q3KNW5,1,1,1,0,1
Q3KPI0,1,1,1,0,1
Q3KR16,0,0,1,0,0
Q3KR37,0,1,1,0,0
Q3MIP1,1,0,1,0,1
Q3MIR4,0,0,1,0,1
Q3MIW9,1,1,1,0,1
Q3MIX3,0,0,1,0,0
Q3MUY2,0,0,0,0,1
Q3SXP7,1,1,1,0,0
Q3SXY7,0,1,1,0,1
Q3SY17,0,0,1,0,0
Q3SY77,1,0,0,0,1
Q3SYC2,0,0,1,0,1
Q3T906,0,0,1,0,0
Q3V5L5,0,0,1,0,1
Q3YBM2,0,0,1,0,1
Q3ZAQ7,0,0,1,0,0
Q3ZCQ3,1,1,1,0,1
Q3ZCQ8,0,0,1,0,0
Q401N2,1,1,1,0,1
Q494W8,0,0,0,0,1
Q495A1,1,1,1,1,1
Q495M3,1,1,1,0,1
Q495N2,1,1,1,0,1
Q495T6,0,1,1,0,0
Q495W5,0,0,1,0,0
Q496F6,1,1,1,0,1
Q496H8,1,1,0,0,0
Q496J9,1,1,1,0,1
Q49A17,0,0,1,0,0
Q49SQ1,1,1,1,0,0
Q4ADV7,0,0,1,0,0
Q4G0I0,1,0,0,0,0
Q4G0N0,0,0,1,0,0
Q4G0N8,0,0,0,0,1
Q4G0T1,1,1,0,0,0
Q4G148,0,0,1,0,0
Q4G1C9,0,0,1,0,0
Q4KMG0,1,1,1,0,1
Q4KMG9,0,0,1,0,0
Q4KMQ2,1,1,1,0,1
Q4KMZ8,1,1,1,0,1
Q4LDR2,0,0,1,0,1
Q4QY38,0,0,1,0,0
Q4U2R8,1,1,1,0,1
Q4V9L6,1,0,1,0,1
Q4VC39,1,0,1,0,0
Q4VCS5,0,0,1,0,0
Q4VNC0,0,1,0,0,1
Q4VNC1,1,0,1,0,1
Q4VXF1,0,0,1,0,0
Q4ZG55,0,0,1,0,0
Q4ZIN3,0,0,0,0,1
Q4ZJI4,0,0,1,0,1
Q504Y0,1,1,0,0,1
Q504Y2,1,0,0,0,0
Q50LG9,0,1,1,0,1
Q53EL9,1,1,1,0,1
Q53EP0,0,0,1,0,1
Q53EU6,0,0,1,0,1
Q53EZ4,0,0,1,0,0
Q53F39,0,0,0,0,1
Q53FP2,0,0,1,0,1
Q53GD3,1,1,1,0,1
Q53GQ0,0,0,0,0,1
Q53HI1,0,0,1,0,1
Q53R12,0,1,0,0,1
Q53RT3,1,0,1,0,0
Q53RY4,0,0,0,0,1
Q53S58,0,0,1,0,0
Q53TN4,0,0,1,0,1
Q562E7,0,0,0,0,1
Q567V2,0,0,1,0,0
Q587I9,0,0,1,0,1
Q58DX5,1,0,1,0,1
Q58EX2,1,1,1,0,1
Q58HT5,0,0,1,0,0
Q5BIV9,1,1,0,0,0
Q5BJD5,0,0,0,0,1
Q5BJF2,1,0,0,0,0
Q5BJH2,0,0,1,0,1
Q5BJH7,1,0,0,0,1
Q5BKT4,1,0,1,0,1
Q5BKX6,0,1,0,0,0
Q5BVD1,0,0,1,0,0
Q5DID0,1,1,1,0,1
Q5DX21,1,1,1,0,1
Q5EB52,0,0,1,0,0
Q5FWE3,1,1,0,0,1
Q5FYA8,0,0,0,0,1
Q5GH70,0,0,0,0,1
Q5GH72,0,0,0,0,1
Q5GH73,0,0,1,0,1
Q5GH76,0,0,1,0,1
Q5GH77,0,1,0,0,1
Q5H8A4,0,0,1,0,1
Q5H943,1,0,1,0,0
Q5H9E4,0,0,1,0,1
Q5H9R4,0,0,1,0,0
Q5HYA8,0,1,1,0,1
Q5HYJ1,0,0,0,0,1
Q5HYL7,0,0,1,0,1
Q5I7T1,1,0,1,0,1
Q5IJ48,0,1,1,0,1
Q5J5C9,0,0,1,0,0
Q5J8M3,0,0,1,0,1
Q5J8X5,0,0,0,0,1
Q5JPE7,0,0,1,0,0
Q5JQS5,1,1,0,0,1
Q5JRA6,0,0,1,0,0
Q5JRM2,1,0,1,0,0
Q5JRS4,1,1,0,0,1
Q5JRV8,0,1,0,0,1
Q5JTH9,0,0,1,0,0
Q5JTV8,0,0,1,0,0
Q5JUK3,1,0,1,0,1
Q5JW98,0,0,1,0,0
Q5JX69,1,0,0,0,1
Q5JX71,1,0,1,0,1
Q5JXA9,1,1,1,1,0
Q5JXX5,1,1,1,0,0
Q5JXX7,0,0,1,0,1
Q5JZY3,1,1,1,0,1
Q5K4L6,0,0,1,0,1
Q5KU26,1,0,1,0,1
Q5M7Z0,0,1,1,0,1
Q5M8T2,0,0,0,0,1
Q5MY95,1,0,1,0,1
Q5NUL3,1,1,0,0,1
Q5PT55,1,1,1,0,1
Q5QFB9,0,0,1,0,0
Q5QGT7,1,0,1,0,1
Q5QGZ9,1,1,1,1,1
Q5R3F8,1,1,1,0,1
Q5R3K3,0,0,0,0,1
Q5RGS3,0,0,0,0,1
Q5SGD2,1,0,1,0,0
Q5SNT2,0,0,0,0,1
Q5SQ64,1,1,1,0,1
Q5SR56,1,0,0,0,1
Q5SRD1,0,0,1,0,0
Q5SRI9,0,0,1,0,0
Q5SRN2,0,0,1,0,0
Q5SSG8,1,1,1,0,1
Q5SWH9,0,0,0,0,1
Q5SWX8,0,0,1,0,1
Q5SY80,1,1,0,0,0
Q5SZI1,1,0,0,0,0
Q5SZK8,1,1,1,0,1
Q5T0T0,0,0,0,0,1
Q5T197,1,0,1,0,0
Q5T1A1,1,0,1,0,1
Q5T1Q4,0,0,1,0,0
Q5T1S8,1,1,1,0,1
Q5T292,1,0,1,0,0
Q5T2D2,1,1,1,1,1
Q5T2E6,0,0,1,0,1
Q5T3F8,0,1,1,0,1
Q5T3U5,0,1,1,0,0
Q5T442,1,1,1,0,1
Q5T4D3,0,0,1,0,1
Q5T4F4,0,1,1,0,1
Q5T4S7,0,0,1,0,0
Q5T4T1,1,0,1,0,0
Q5T601,1,1,1,0,1
Q5T6L9,0,0,1,0,1
Q5T6X4,0,0,1,0,0
Q5T6X5,1,1,1,1,1
Q5T700,0,0,1,0,1
Q5T7M9,0,0,1,0,0
Q5T7P8,0,0,1,0,0
Q5T848,1,1,0,0,1
Q5T8D3,0,0,1,0,1
Q5T9L3,0,0,0,0,1
Q5T9Z0,0,0,0,0,1
Q5TAH2,0,0,1,0,1
Q5TAT6,1,0,1,0,0
Q5TEA6,1,0,0,0,0
Q5TF21,0,0,1,0,1
Q5TF39,0,1,1,0,1
Q5TFQ8,1,1,1,1,1
Q5TGI0,0,0,1,0,0
Q5TGY1,0,0,1,0,1
Q5TGZ0,0,0,1,0,0
Q5TH69,0,0,1,0,0
Q5TZ20,1,1,1,0,1
Q5TZJ5,0,0,1,0,0
Q5U3C3,0,0,0,0,1
Q5U4P2,0,0,1,0,0
Q5UAW9,1,1,1,0,1
Q5UCC4,1,0,0,0,1
Q5VSG8,0,0,1,0,0
Q5VT66,0,0,1,0,0
Q5VT99,0,1,1,0,0
Q5VTJ3,0,0,1,0,0
Q5VTT2,1,0,1,0,0
Q5VTY9,0,0,0,0,1
Q5VU13,0,1,0,0,0
Q5VU36,0,0,1,0,0
Q5VU65,0,1,1,0,0
Q5VU97,1,1,1,0,1
Q5VUB5,1,1,1,0,1
Q5VUD6,0,0,1,0,0
Q5VUY2,0,0,1,0,0
Q5VV42,0,0,1,0,1
Q5VV43,1,1,1,0,1
Q5VV63,1,1,0,0,1
Q5VVB8,0,0,0,0,1
Q5VVP1,0,0,1,0,0
Q5VW36,0,0,1,0,0
Q5VW38,1,1,0,0,1
Q5VWC8,0,0,1,1,1
Q5VWK5,1,1,1,1,1
Q5VX71,1,1,1,0,1
Q5VXT5,0,0,1,0,1
Q5VXU1,0,1,0,0,1
Q5VXU3,0,0,0,0,1
Q5VY43,1,1,1,0,0
Q5VY80,1,1,0,0,1
Q5VYJ5,0,1,1,0,0
Q5VYP0,0,0,1,0,0
Q5VYY1,0,0,0,0,1
Q5VZ66,0,0,0,0,1
Q5VZ72,1,1,1,0,0
Q5VZI3,0,0,1,0,1
Q5VZR4,1,0,1,0,0
Q5VZY2,0,0,1,0,1
Q5W0B7,0,0,1,0,1
Q5W0N0,0,0,1,0,0
Q5W0Z9,0,0,0,0,1
Q5XG99,1,0,1,0,1
Q5XXA6,1,1,1,0,1
Q5Y7A7,0,1,1,1,1
Q5ZPR3,1,1,1,1,1
Q63HM2,0,0,1,0,0
Q63ZE4,1,0,0,0,1
Q643R3,0,0,1,0,1
Q658N2,0,0,1,0,0
Q658P3,0,0,1,0,1
Q66K14,0,0,1,0,0
Q66K66,0,0,0,0,1
Q674R7,0,0,1,0,1
Q67FW5,0,0,1,0,0
Q685J3,1,1,1,0,1
Q687X5,0,1,1,0,1
Q68CJ9,0,0,1,0,0
Q68CQ1,0,0,1,0,0
Q68CQ7,0,0,1,0,0
Q68CR1,0,0,1,0,1
Q68CR7,0,0,1,0,1
Q68D42,0,0,1,0,1
Q68D85,1,1,0,0,0
Q68DH5,1,1,1,0,1
Q68DV7,1,1,1,0,1
Q68G75,0,0,1,0,0
Q69383,0,0,1,0,0
Q69384,1,1,1,0,0
Q695T7,1,1,1,0,1
Q69YG0,0,0,1,0,1
Q69YW2,0,0,1,0,1
Q69YZ2,0,0,0,0,1
Q6AI14,1,0,1,0,1
Q6AZY7,1,0,1,0,1
Q6BAA4,0,0,1,1,1
Q6DD88,0,0,1,0,1
Q6DKI7,0,0,0,1,1
Q6DN12,0,0,1,0,1
Q6DN14,0,0,0,0,1
Q6DN72,1,1,1,1,1
Q6DWJ6,1,1,1,0,1
Q6E213,0,0,1,0,1
Q6EIG7,1,0,1,1,0
Q6EMK4,1,1,1,0,1
Q6FHJ7,0,0,1,0,0
Q6GMR7,0,0,1,0,0
Q6GPH6,1,0,0,0,1
Q6GTX8,1,1,1,1,1
Q6GV28,1,1,1,0,1
Q6H3X3,1,1,1,0,0
Q6IA17,1,1,1,0,1
Q6IAN0,0,0,1,0,0
Q6IC98,0,0,1,0,1
Q6ICH7,0,0,1,0,0
Q6ICI0,0,1,0,0,1
Q6ICL7,0,0,0,0,1
Q6IEE7,1,1,1,0,1
Q6IEE8,0,0,1,0,0
Q6IEU7,1,1,1,0,1
Q6IEV9,1,1,1,0,1
Q6IEY1,1,1,0,0,1
Q6IEZ7,1,1,1,0,1
Q6IF00,1,1,1,0,1
Q6IF36,1,0,0,0,1
Q6IF42,1,1,0,0,1
Q6IF63,1,1,1,0,1
Q6IF82,1,1,1,0,1
Q6IF99,1,1,0,0,1
Q6IFG1,1,1,1,0,1
Q6IFH4,1,1,1,0,1
Q6IFN5,1,1,1,0,0
Q6IFP3,0,0,0,0,1
Q6IS24,0,0,1,0,0
Q6ISS4,0,0,0,1,0
Q6ISU1,1,1,1,0,0
Q6IWH7,1,1,1,0,1
Q6J4K2,1,1,1,0,1
Q6J9G0,0,0,1,0,0
Q6KCM7,0,0,1,0,0
Q6L9W6,0,0,1,0,0
Q6MZM0,1,1,1,0,0
Q6N022,1,1,1,0,0
Q6N069,0,0,0,0,1
Q6N075,0,1,1,0,0
Q6NSJ0,1,0,1,0,1
Q6NSJ5,1,0,1,0,1
Q6NSY2,0,0,0,0,1
Q6NT16,1,0,1,0,1
Q6NTF9,0,0,0,0,1
Q6NUI2,0,0,1,0,0
Q6NUJ2,1,1,1,0,1
Q6NUK4,0,0,0,0,1
Q6NUQ4,0,0,1,0,0
Q6NUS6,1,1,1,0,1
Q6NUS8,1,0,1,0,1
Q6NUT2,0,0,0,1,1
Q6NUT3,0,1,1,0,1
Q6NV75,1,1,0,0,1
Q6NVV3,1,1,1,0,1
Q6NW34,0,0,1,0,1
Q6NW40,1,1,0,0,0
Q6NXN4,0,0,1,0,0
Q6NXT4,1,0,1,0,1
Q6NXT6,0,0,1,0,1
Q6NYC1,0,0,0,1,0
Q6NZ63,0,0,1,0,0
Q6P0A1,0,0,1,0,0
Q6P179,0,0,1,0,0
Q6P1A2,0,0,1,0,1
Q6P1J6,1,1,1,0,1
Q6P1M0,0,0,1,0,1
Q6P1Q0,0,0,1,0,1
Q6P1S2,0,0,1,0,0
Q6P2H8,0,0,1,0,1
Q6P3S1,0,0,0,1,1
Q6P499,0,1,0,0,1
Q6P4A7,0,0,1,0,1
Q6P4E1,0,0,1,0,0
Q6P4F1,0,0,1,0,0
Q6P4H8,0,0,1,0,1
Q6P4Q7,1,1,1,0,1
Q6P531,1,0,1,0,0
Q6P5S7,0,0,1,0,1
Q6P5W5,1,1,1,0,1
Q6P5X7,0,0,1,0,1
Q6P6C2,0,0,0,0,1
Q6P7N7,1,0,1,0,0
Q6P995,1,1,1,0,0
Q6P9A2,0,0,1,0,0
Q6P9B9,0,0,1,0,0
Q6P9F7,1,0,1,1,1
Q6P9G4,1,1,1,0,1
Q6PCB7,1,0,1,0,0
Q6PCB8,1,1,0,0,1
Q6PEX7,0,0,1,0,0
Q6PEY0,1,1,0,0,1
Q6PEY1,0,0,1,0,1
Q6PHW0,1,0,1,0,0
Q6PI25,0,0,1,0,1
Q6PI73,1,1,1,1,0
Q6PI78,1,0,1,0,1
Q6PIS1,1,0,1,0,1
Q6PIU1,1,0,1,0,1
Q6PIU2,0,0,1,0,1
Q6PIV7,0,0,0,0,1
Q6PIZ9,1,1,1,0,0
Q6PJF5,0,1,1,0,1
Q6PJG9,1,1,1,0,1
Q6PJI9,0,0,0,1,0
Q6PJW8,1,0,1,0,1
Q6PK18,0,0,1,0,0
Q6PKC3,0,0,1,0,0
Q6PL45,1,0,1,0,1
Q6PML9,0,0,1,0,0
Q6PP77,0,0,0,0,1
Q6PRD1,1,1,0,0,1
Q6PXP3,1,1,1,0,1
Q6Q0C1,0,0,1,0,0
Q6Q4G3,0,0,1,0,0
Q6Q8B3,1,1,1,0,1
Q6QAJ8,0,0,1,0,1
Q6QHC5,0,0,1,0,1
Q6QNK2,1,1,1,0,1
Q6RW13,1,0,1,0,1
Q6T423,1,1,0,0,1
Q6T4P5,0,0,1,0,1
Q6TCH4,1,0,1,0,1
Q6TCH7,0,0,1,0,1
Q6U736,1,1,1,0,1
Q6U841,1,1,1,0,1
Q6UE05,0,0,0,0,1
Q6UQ28,1,1,1,0,0
Q6UVK1,1,1,1,0,1
Q6UVM3,1,0,0,0,1
Q6UVW9,1,0,1,1,0
Q6UW02,0,0,1,0,0
Q6UW56,1,1,1,0,1
Q6UW68,0,0,1,0,1
Q6UW78,0,0,1,0,0
Q6UW88,1,1,1,0,1
Q6UWB1,1,1,1,1,1
Q6UWB4,1,0,0,0,0
Q6UWD8,0,0,1,0,1
Q6UWF3,0,0,1,0,0
Q6UWH4,1,0,1,0,0
Q6UWH6,0,0,1,0,1
Q6UWI2,1,1,1,0,0
Q6UWI4,1,0,1,0,1
Q6UWJ1,0,1,1,1,1
Q6UWJ8,1,1,1,0,1
Q6UWL2,1,1,1,1,1
Q6UWL6,1,1,1,0,1
Q6UWM5,1,0,0,0,0
Q6UWM7,1,0,1,0,1
Q6UWM9,1,0,1,0,1
Q6UWN0,1,1,0,0,0
Q6UWN5,1,1,0,0,0
Q6UWP7,0,0,1,0,1
Q6UWR7,1,1,0,0,0
Q6UWU4,1,0,1,0,1
Q6UWV2,1,1,1,0,1
Q6UWV6,1,0,0,0,0
Q6UWV7,0,0,0,0,1
Q6UWW9,0,0,1,0,1
Q6UX01,1,1,1,1,1
Q6UX15,1,1,1,1,1
Q6UX27,1,1,1,1,1
Q6UX34,1,0,0,0,0
Q6UX40,0,0,1,0,1
Q6UX41,1,0,1,0,1
Q6UX65,0,0,1,0,1
Q6UX68,0,0,0,0,1
Q6UX71,1,1,1,0,1
Q6UX72,0,0,1,0,0
Q6UX82,1,1,0,0,0
Q6UX98,0,0,0,0,1
Q6UXB3,1,1,0,0,0
Q6UXB4,1,1,1,1,1
Q6UXB8,0,1,1,1,0
Q6UXC1,1,1,1,0,1
Q6UXD1,0,0,1,0,0
Q6UXD5,1,1,1,0,1
Q6UXD7,0,1,1,0,1
Q6UXE8,1,1,1,1,1
Q6UXF1,0,1,1,0,0
Q6UXG2,1,1,1,0,1
Q6UXG3,1,1,1,0,1
Q6UXG8,1,1,1,1,1
Q6UXK2,1,1,0,0,1
Q6UXK5,1,1,1,0,1
Q6UXL0,1,1,1,0,1
Q6UXM1,0,1,1,0,1
Q6UXN7,0,0,1,0,0
Q6UXN8,1,1,1,0,1
Q6UXN9,0,0,0,0,1
Q6UXP3,0,0,1,0,0
Q6UXU4,1,1,0,0,1
Q6UXU6,1,0,1,0,1
Q6UXV0,1,1,1,0,1
Q6UXV1,1,0,0,0,1
Q6UXV4,0,0,1,0,0
Q6UXX9,0,0,1,0,0
Q6UXY8,1,0,1,0,1
Q6UXZ0,1,1,1,0,1
Q6UXZ3,1,1,1,0,0
Q6UXZ4,1,1,0,0,0
Q6UY09,1,1,1,0,0
Q6UY11,1,1,1,0,1
Q6UY18,1,1,1,0,1
Q6V0I7,1,1,1,0,1
Q6V0L0,0,0,1,0,0
Q6V1P9,0,1,1,0,1
Q6V1X1,0,0,0,0,1
Q6W3E5,1,0,1,0,1
Q6W5P4,1,1,1,1,1
Q6XPS3,0,0,0,0,1
Q6XR72,1,0,1,0,1
Q6XYQ8,0,0,1,0,1
Q6Y1H2,0,0,0,0,1
Q6Y288,0,0,1,0,0
Q6Y2X3,0,0,1,0,1
Q6YBV0,0,1,0,0,1
Q6YHK3,1,1,1,1,0
Q6YI46,0,0,1,0,1
Q6ZMB0,0,0,1,0,0
Q6ZMB5,0,1,1,0,0
Q6ZMC9,1,1,1,0,1
Q6ZMD2,0,1,1,0,1
Q6ZMG9,0,0,1,0,0
Q6ZMH5,1,1,1,0,1
Q6ZMI3,1,1,1,0,0
Q6ZMJ2,1,1,1,0,1
Q6ZMK1,0,0,0,0,1
Q6ZMQ8,0,0,1,0,0
Q6ZMR5,1,0,1,0,0
Q6ZMZ0,0,0,1,0,1
Q6ZMZ3,0,0,1,0,1
Q6ZN44,1,1,1,0,1
Q6ZNA5,0,1,1,0,1
Q6ZNB6,0,0,1,0,0
Q6ZNB7,0,0,0,0,1
Q6ZNC8,0,0,1,0,0
Q6ZNI0,1,0,1,0,0
Q6ZNR0,1,0,1,0,0
Q6ZP29,0,1,1,0,1
Q6ZP80,1,1,1,0,1
Q6ZPB5,1,0,0,0,0
Q6ZPD8,0,0,1,0,0
Q6ZPD9,0,0,1,1,1
Q6ZQN7,1,1,1,1,1
Q6ZQQ2,0,0,1,0,0
Q6ZRH7,1,1,1,0,1
Q6ZRP7,0,1,0,0,1
Q6ZRR5,0,0,1,0,1
Q6ZS10,1,1,1,1,1
Q6ZS81,0,0,1,0,0
Q6ZS82,1,0,1,0,1
Q6ZSA7,0,0,1,0,1
Q6ZSJ9,1,1,0,0,0
Q6ZSK9,0,0,0,0,1
Q6ZSM3,0,1,1,0,1
Q6ZSS7,0,1,1,0,0
Q6ZSY5,1,0,1,1,1
Q6ZT12,0,0,1,0,0
Q6ZT21,0,0,1,0,0
Q6ZT89,0,0,1,0,0
Q6ZTQ4,1,1,1,0,0
Q6ZTR5,0,0,1,0,1
Q6ZU64,0,0,1,0,1
Q6ZU69,0,0,1,0,0
Q6ZUB0,0,0,1,0,0
Q6ZUB1,0,0,1,0,0
Q6ZUK4,0,1,1,0,1
Q6ZUT9,0,0,1,0,0
Q6ZUX7,0,0,1,1,1
Q6ZV29,0,0,1,0,0
Q6ZVE7,0,0,0,0,1
Q6ZVK1,0,0,1,0,1
Q6ZVL6,0,1,1,0,0
Q6ZVN8,1,1,1,0,1
Q6ZVX9,1,0,1,0,1
Q6ZW05,0,1,1,0,1
Q6ZWK6,1,0,1,0,1
Q6ZWL3,0,0,1,0,0
Q6ZWT7,0,0,1,0,1
Q6ZXV5,0,0,0,0,1
Q70CQ3,0,0,1,0,0
Q70JA7,0,0,1,0,0
Q70SY1,0,0,1,0,0
Q70UQ0,0,0,1,0,0
Q70Z44,1,1,1,0,1
Q71H61,0,0,1,0,1
Q71RG4,0,0,0,0,1
Q71RH2,0,0,0,0,1
Q71RS6,1,1,1,0,1
Q75NE6,1,0,1,0,0
Q75T13,0,1,1,0,1
Q75V66,1,1,1,0,1
Q76EJ3,1,0,1,0,1
Q76KP1,0,0,1,0,0
Q76LX8,0,0,1,0,0
Q76MJ5,0,0,1,0,0
Q7KYR7,1,1,1,1,1
Q7L0J3,1,1,1,0,1
Q7L0X0,1,1,0,0,1
Q7L1I2,1,1,0,0,1
Q7L1S5,0,0,1,0,0
Q7L1W4,1,0,1,1,1
Q7L211,0,0,1,0,1
Q7L311,0,0,1,1,0
Q7L4E1,0,0,1,0,0
Q7L513,0,0,1,1,1
Q7L5A8,0,0,1,0,1
Q7L5E9,0,0,0,0,1
Q7L5L3,1,0,1,0,1
Q7L5N7,0,0,1,0,1
Q7L5Y9,1,0,0,0,0
Q7L8C5,0,0,1,0,0
Q7L985,1,1,1,0,1
Q7LBE3,0,1,1,0,1
Q7LDI9,0,0,1,0,0
Q7LFX5,0,0,1,1,0
Q7LG56,0,0,0,0,1
Q7LGA3,0,0,1,0,0
Q7LGC8,0,0,1,0,0
Q7RTM1,0,1,0,0,1
Q7RTP0,1,0,1,0,1
Q7RTR8,1,0,1,0,1
Q7RTS5,0,0,1,0,1
Q7RTS6,0,1,1,0,1
Q7RTT9,1,1,0,0,1
Q7RTU9,0,0,1,0,1
Q7RTW8,1,1,0,0,0
Q7RTX0,1,1,1,0,1
Q7RTX1,1,1,1,0,1
Q7RTX7,1,0,1,0,1
Q7RTX9,0,0,1,0,1
Q7RTY0,0,0,1,0,1
Q7RTY1,0,0,1,0,1
Q7RTY3,0,0,0,0,1
Q7RTY8,1,0,1,0,0
Q7RTY9,1,1,0,0,0
Q7Z2D5,0,1,1,0,1
Q7Z2H8,1,1,0,0,1
Q7Z2K6,0,1,0,0,1
Q7Z2Q7,0,0,1,0,0
Q7Z2W7,1,0,1,0,1
Q7Z388,0,0,0,1,1
Q7Z3B0,0,0,1,0,0
Q7Z3B1,1,1,1,0,0
Q7Z3C6,0,1,1,0,1
Q7Z3D4,1,1,1,0,1
Q7Z3F1,0,1,1,0,1
Q7Z3J2,0,0,1,0,0
Q7Z3Q1,1,1,1,0,1
Q7Z3S7,1,0,1,0,0
Q7Z3T1,1,1,1,0,1
Q7Z402,1,1,1,0,1
Q7Z403,0,0,1,0,1
Q7Z404,1,0,1,0,1
Q7Z407,1,0,1,1,1
Q7Z408,1,1,1,0,1
Q7Z410,1,0,1,0,1
Q7Z412,0,0,1,0,0
Q7Z418,0,1,1,0,1
Q7Z419,0,0,1,0,1
Q7Z429,0,0,1,0,1
Q7Z434,0,0,1,0,1
Q7Z442,1,1,1,0,1
Q7Z443,1,1,1,0,0
Q7Z449,0,0,0,0,1
Q7Z4F1,1,1,1,1,1
Q7Z4J2,0,0,1,0,0
Q7Z4L0,0,0,1,0,1
Q7Z4N2,1,0,1,0,1
Q7Z4T8,0,0,1,0,0
Q7Z4W3,0,0,0,0,1
Q7Z553,1,1,0,1,1
Q7Z5A4,1,0,0,0,0
Q7Z5B4,0,0,1,0,1
Q7Z5H4,1,0,1,0,1
Q7Z5H5,1,1,0,0,1
Q7Z5J8,0,0,1,0,0
Q7Z5M5,1,0,1,0,0
Q7Z5N4,0,1,1,0,1
Q7Z5S9,0,0,1,0,1
Q7Z601,1,1,1,0,1
Q7Z602,1,1,0,0,1
Q7Z692,1,1,1,0,1
Q7Z695,0,0,1,0,0
Q7Z6A9,1,1,1,1,1
Q7Z6J6,0,0,1,0,0
Q7Z6L0,1,0,1,0,0
Q7Z6M3,1,1,1,1,0
Q7Z6W1,0,0,1,0,1
Q7Z7B7,0,0,1,0,0
Q7Z7B8,0,0,1,0,0
Q7Z7D3,1,1,1,1,0
Q7Z7H5,0,0,1,0,0
Q7Z7J7,0,1,1,0,1
Q7Z7M0,1,1,1,0,1
Q7Z7M1,1,1,1,0,1
Q7Z7M8,0,0,1,0,0
Q7Z7M9,0,0,1,0,0
Q7Z7N9,0,1,0,0,1
Q86SF2,0,0,1,0,0
Q86SJ2,1,1,1,0,1
Q86SJ6,1,1,1,0,0
Q86SK9,0,0,1,0,0
Q86SM5,1,1,1,0,0
Q86SM8,1,1,0,0,1
Q86SP6,1,1,1,0,1
Q86SQ3,1,1,1,0,0
Q86SQ4,1,1,1,0,1
Q86SQ6,1,1,0,0,1
Q86SR1,0,0,1,0,0
Q86SS6,0,0,1,0,1
Q86SU0,1,1,1,0,1
Q86T03,0,0,1,0,1
Q86T13,1,1,1,0,1
Q86T26,1,1,1,0,0
Q86T96,1,0,1,0,0
Q86TG1,1,1,1,0,1
Q86TL2,0,1,1,0,1
Q86TM6,0,0,0,0,1
Q86TY3,1,1,1,0,1
Q86U02,0,0,0,0,1
Q86UB9,0,0,1,0,1
Q86UD3,0,0,1,0,1
Q86UD5,0,0,1,0,1
Q86UE4,0,0,1,0,0
Q86UE6,1,0,0,0,1
Q86UF1,1,1,1,1,1
Q86UF2,0,0,1,0,0
Q86UG4,1,1,1,0,1
Q86UK0,0,1,1,1,1
Q86UK5,1,1,1,0,1
Q86UL3,0,0,1,0,1
Q86UN2,1,1,1,0,0
Q86UN3,1,1,1,0,0
Q86UP0,1,1,1,0,1
Q86UP2,0,0,1,0,0
Q86UP6,1,1,0,0,1
Q86UP9,0,0,1,0,1
Q86UQ4,0,1,1,1,1
Q86UQ5,0,0,1,0,0
Q86UV5,0,0,0,0,1
Q86UW1,1,1,1,0,0
Q86UW2,1,1,1,0,0
Q86V24,1,1,1,0,1
Q86V35,1,0,1,0,1
Q86V40,1,1,0,0,0
Q86V85,0,1,1,0,1
Q86VB7,1,1,1,1,1
Q86VD9,0,0,1,0,1
Q86VE9,1,1,1,0,1
Q86VF5,0,0,0,0,1
Q86VH4,1,1,1,0,1
Q86VH5,1,1,1,0,1
Q86VI4,0,0,1,0,1
Q86VL8,1,0,1,0,1
Q86VR2,0,0,1,0,1
Q86VR7,1,1,1,0,0
Q86VU5,0,0,1,0,0
Q86VW1,0,1,1,1,1
Q86VY9,1,0,1,0,1
Q86VZ1,1,1,0,1,1
Q86VZ4,1,1,1,0,1
Q86W10,0,0,1,0,0
Q86W33,0,1,1,0,1
Q86W47,1,1,1,0,1
Q86W74,0,0,1,0,1
Q86WA9,1,0,1,0,1
Q86WB7,0,1,1,0,1
Q86WC4,0,1,1,0,1
Q86WG3,0,0,0,0,1
Q86WI0,0,1,1,0,1
Q86WI1,1,1,1,0,0
Q86WK6,1,1,1,0,1
Q86WK7,1,1,0,0,1
Q86WK9,1,0,0,0,1
Q86WS5,1,0,0,0,1
Q86WV6,0,0,1,0,0
Q86X19,0,0,0,0,1
Q86X29,1,0,1,0,1
Q86X52,0,0,1,0,0
Q86XA0,0,0,1,0,0
Q86XE3,0,0,1,0,0
Q86XJ0,0,0,1,0,0
Q86XK7,1,1,1,0,1
Q86XL3,0,0,1,0,0
Q86XM0,1,1,1,0,1
Q86XQ3,1,0,1,0,1
Q86XR5,1,1,1,0,1
Q86XS8,1,1,1,0,1
Q86XT9,1,1,1,0,1
Q86XX4,1,1,1,0,1
Q86Y07,0,0,1,0,1
Q86Y22,1,0,1,0,0
Q86Y34,1,1,0,0,1
Q86Y39,0,0,1,0,0
Q86Y78,1,0,0,0,0
Q86Y82,0,0,1,0,0
Q86YA3,0,0,1,0,0
Q86YC3,1,1,1,0,1
Q86YD3,1,1,0,0,1
Q86YD5,1,1,1,0,1
Q86YJ5,0,0,1,0,1
Q86YL7,1,0,1,0,1
Q86YS3,0,0,1,0,0
Q86YT5,0,0,1,0,1
Q86YT9,1,1,1,1,1
Q86YW5,1,0,1,1,1
Q86Z14,1,0,1,0,1
Q8IU57,1,1,1,1,1
Q8IU68,0,0,1,0,1
Q8IU80,1,1,1,0,1
Q8IU89,0,0,1,0,0
Q8IU99,1,0,1,0,1
Q8IUA7,0,1,1,1,1
Q8IUB9,0,0,0,0,1
Q8IUC8,0,0,1,0,0
Q8IUH4,0,0,0,0,1
Q8IUH5,0,0,1,0,0
Q8IUH8,0,1,0,0,1
Q8IUK5,1,1,1,0,1
Q8IUN9,1,0,1,1,1
Q8IUR5,0,0,1,0,1
Q8IUS5,0,0,1,0,0
Q8IUW5,1,1,1,0,0
Q8IUX1,0,0,1,0,1
Q8IUY3,0,0,1,0,1
Q8IV01,0,0,1,0,0
Q8IV08,0,0,1,0,1
Q8IV16,1,1,1,0,0
Q8IV31,1,0,1,0,1
Q8IV45,1,0,1,0,0
Q8IV77,1,0,0,0,1
Q8IVB4,0,0,1,0,1
Q8IVJ1,0,1,1,1,1
Q8IVJ8,0,0,1,0,1
Q8IVL8,1,0,0,0,0
Q8IVM8,1,1,0,0,1
Q8IVQ6,0,0,1,0,1
Q8IVU1,1,1,1,0,1
Q8IVV8,0,0,1,0,1
Q8IVW8,0,1,0,0,0
Q8IVY1,1,0,1,0,1
Q8IW00,1,1,1,0,1
Q8IW52,1,1,1,0,1
Q8IW70,0,0,1,0,0
Q8IWA4,0,0,1,0,0
Q8IWA5,1,1,1,0,1
Q8IWB4,0,0,1,0,0
Q8IWB9,0,0,0,1,1
Q8IWD5,0,1,1,0,0
Q8IWK6,1,1,1,0,1
Q8IWR1,0,0,1,0,0
Q8IWT1,1,1,1,0,1
Q8IWT6,1,0,1,1,1
Q8IWU2,0,0,1,0,1
Q8IWU4,1,0,1,0,1
Q8IWU5,1,0,1,0,0
Q8IWU6,1,0,1,0,0
Q8IWV1,1,0,1,1,1
Q8IWV2,1,1,0,0,0
Q8IWX5,0,0,1,0,1
Q8IWY4,0,0,1,0,0
Q8IWY9,0,0,1,0,0
Q8IX05,1,1,1,1,1
Q8IX19,1,0,1,0,1
Q8IX30,0,0,1,0,0
Q8IX94,0,0,1,0,0
Q8IXA5,1,0,1,0,0
Q8IXB3,1,0,1,0,1
Q8IXE1,1,1,0,0,1
Q8IXF9,0,0,1,0,0
Q8IXH8,1,1,1,0,1
Q8IXI1,0,0,1,0,1
Q8IXI2,0,0,1,0,1
Q8IXK2,0,0,1,0,0
Q8IXL6,1,0,0,0,0
Q8IXM6,0,0,0,0,1
Q8IXU6,0,0,1,1,1
Q8IXX5,0,0,1,0,1
Q8IY17,0,0,1,0,0
Q8IY26,0,0,0,1,1
Q8IY34,0,1,1,0,1
Q8IY49,0,0,1,0,1
Q8IY50,0,0,1,0,1
Q8IY95,0,0,1,0,0
Q8IYD8,0,0,0,0,1
Q8IYJ0,1,0,0,0,1
Q8IYL9,1,1,1,1,1
Q8IYM1,0,0,1,0,0
Q8IYP9,0,0,0,0,1
Q8IYR6,1,1,1,0,1
Q8IYS0,0,0,1,0,1
Q8IYS2,1,0,0,0,1
Q8IYT2,0,0,1,0,0
Q8IYV9,1,1,1,0,1
Q8IZ08,1,0,1,0,1
Q8IZ52,0,0,1,0,0
Q8IZ57,0,0,1,0,1
Q8IZ96,0,0,1,1,1
Q8IZA0,1,0,1,0,1
Q8IZD6,0,1,0,0,1
Q8IZF0,1,1,0,0,1
Q8IZF2,1,1,1,0,1
Q8IZF3,1,1,1,0,1
Q8IZF4,1,1,0,0,1
Q8IZF5,1,1,0,0,1
Q8IZF6,1,1,1,0,1
Q8IZF7,1,1,0,0,1
Q8IZJ1,1,1,1,1,1
Q8IZJ4,0,0,0,0,1
Q8IZK6,1,0,1,1,1
Q8IZM9,0,0,1,0,1
Q8IZN3,0,0,1,0,1
Q8IZP7,0,0,1,0,0
Q8IZP9,1,1,1,0,1
Q8IZR5,0,0,0,0,1
Q8IZS7,1,0,1,1,0
Q8IZS8,1,0,1,0,0
Q8IZT8,0,0,1,0,0
Q8IZU8,0,0,1,0,1
Q8IZU9,1,1,1,0,1
Q8IZV2,0,0,0,0,1
Q8IZV5,0,0,1,0,1
Q8IZY2,1,1,1,1,1
Q8J025,1,1,0,1,1
Q8N0U2,0,0,1,0,1
Q8N0U8,0,0,0,0,1
Q8N0V5,0,0,1,0,0
Q8N0W4,1,1,1,0,1
Q8N0W7,1,0,0,0,1
Q8N0Y3,1,1,1,0,1
Q8N0Y5,1,1,1,0,1
Q8N0Z9,1,1,1,0,0
Q8N104,0,0,1,0,0
Q8N109,1,1,1,1,1
Q8N111,1,0,1,0,1
Q8N112,0,0,0,0,1
Q8N114,1,0,1,0,0
Q8N118,0,0,1,0,0
Q8N119,0,0,1,0,0
Q8N126,1,1,1,0,1
Q8N127,1,1,1,0,1
Q8N130,1,1,1,0,1
Q8N131,1,1,1,1,1
Q8N138,0,0,1,0,1
Q8N139,0,1,1,1,1
Q8N144,1,0,1,0,1
Q8N146,1,1,1,0,1
Q8N148,1,1,1,0,1
Q8N149,1,1,1,1,0
Q8N158,1,1,0,0,0
Q8N162,1,1,1,0,1
Q8N1C3,1,1,1,0,1
Q8N1L4,0,0,1,0,0
Q8N1M1,1,0,1,0,1
Q8N1N0,1,0,1,1,1
Q8N1N2,1,1,1,0,1
Q8N1S5,0,0,1,0,1
Q8N1Y9,1,0,0,0,0
Q8N201,0,0,1,0,0
Q8N205,0,0,1,0,1
Q8N271,1,1,1,1,1
Q8N292,0,0,1,0,0
Q8N2A8,0,0,1,0,0
Q8N2C7,0,0,1,0,0
Q8N2F6,0,0,1,0,0
Q8N2G4,1,1,0,0,0
Q8N2H4,0,0,1,0,0
Q8N2K0,1,0,1,1,1
Q8N2K1,0,0,1,0,0
Q8N2M4,0,0,1,0,1
Q8N2Q7,1,1,1,0,1
Q8N2U0,1,0,1,0,1
Q8N2U9,0,0,1,0,1
Q8N326,0,0,1,0,1
Q8N349,1,1,0,0,1
Q8N350,1,0,0,0,1
Q8N357,0,0,1,0,1
Q8N370,0,1,1,0,1
Q8N386,1,1,1,1,1
Q8N387,1,1,1,0,1
Q8N394,0,0,1,0,1
Q8N3E9,0,0,1,0,0
Q8N3F9,1,1,1,0,0
Q8N3G9,1,0,1,0,1
Q8N3J6,1,1,1,0,1
Q8N3S3,0,0,0,0,1
Q8N3T1,0,0,1,0,0
Q8N3T6,1,1,1,0,0
Q8N3Y3,0,0,1,0,0
Q8N3Y7,0,0,1,0,0
Q8N414,0,0,1,0,0
Q8N423,1,1,1,1,1
Q8N428,0,0,1,0,0
Q8N434,0,1,1,0,1
Q8N441,1,1,1,0,1
Q8N468,0,1,0,0,1
Q8N474,0,0,1,0,0
Q8N490,0,0,1,1,1
Q8N4A0,0,0,1,0,0
Q8N4C9,0,0,1,0,1
Q8N4F4,0,0,1,0,0
Q8N4F7,0,0,1,0,1
Q8N4H5,0,0,1,0,0
Q8N4K4,0,1,0,0,1
Q8N4L1,0,0,1,0,0
Q8N4L2,0,0,1,0,1
Q8N4L4,0,0,1,0,1
Q8N4M1,0,1,0,0,1
Q8N4S7,0,0,1,0,1
Q8N4S9,1,0,1,0,1
Q8N4V1,0,0,0,0,1
Q8N4V2,0,0,1,0,1
Q8N4W6,0,0,1,0,1
Q8N511,0,0,1,0,1
Q8N539,1,0,1,0,1
Q8N5B7,0,0,1,0,0
Q8N5C1,0,1,1,0,1
Q8N5D6,0,0,1,0,0
Q8N5G0,0,0,1,0,0
Q8N5G2,0,0,0,0,1
Q8N5H3,0,0,1,0,0
Q8N5K1,0,0,1,0,1
Q8N5M9,0,0,0,0,1
Q8N5S1,0,0,1,0,0
Q8N5U1,0,1,1,0,1
Q8N5Y8,0,0,1,0,0
Q8N608,1,1,1,0,1
Q8N609,0,0,1,0,1
Q8N614,1,0,1,0,1
Q8N628,1,1,1,0,1
Q8N661,0,0,0,0,1
Q8N682,0,0,1,0,1
Q8N687,0,0,1,0,0
Q8N688,0,0,1,0,0
Q8N690,0,0,1,0,0
Q8N695,1,1,1,0,1
Q8N697,0,1,1,1,1
Q8N699,0,0,0,0,1
Q8N6C5,1,1,1,1,1
Q8N6C8,0,0,0,1,0
Q8N6D2,0,0,1,0,1
Q8N6F1,1,1,0,0,1
Q8N6G5,0,0,1,0,0
Q8N6K0,1,0,1,0,1
Q8N6L0,0,0,1,0,0
Q8N6L1,0,0,1,1,1
Q8N6L7,0,0,1,0,1
Q8N6M3,1,0,0,0,0
Q8N6M8,0,0,0,0,1
Q8N6P7,1,1,0,0,1
Q8N6Q1,0,0,1,0,1
Q8N6Q3,1,1,0,1,0
Q8N6R1,0,0,1,0,1
Q8N6S5,0,0,1,0,1
Q8N6U8,1,1,1,0,1
Q8N6Y1,1,1,1,0,1
Q8N743,1,1,1,1,1
Q8N755,0,0,1,0,1
Q8N766,1,0,0,0,0
Q8N7C0,1,1,0,0,1
Q8N7C4,0,1,0,0,1
Q8N7C7,0,0,1,0,1
Q8N7P1,0,1,1,0,0
Q8N7P3,1,1,1,0,0
Q8N7S6,0,0,1,0,0
Q8N7X8,0,1,0,0,0
Q8N808,0,0,1,0,1
Q8N816,0,0,0,0,1
Q8N8D7,0,1,0,0,1
Q8N8F6,1,0,1,0,0
Q8N8F7,0,1,1,0,1
Q8N8J7,0,0,1,0,1
Q8N8N0,0,0,1,0,1
Q8N8Q1,0,0,1,0,1
Q8N8Q9,1,0,1,0,1
Q8N8V8,0,0,1,0,0
Q8N8Z6,1,1,1,0,1
Q8N912,0,0,0,0,1
Q8N966,0,0,1,0,1
Q8N967,1,1,1,0,1
Q8N9A8,0,0,0,0,1
Q8N9F0,0,0,1,0,0
Q8N9F7,1,0,1,0,1
Q8N9I0,0,0,1,0,1
Q8N9I5,0,0,1,0,1
Q8N9M5,1,0,1,0,0
Q8N9R8,0,0,1,0,0
Q8N9W7,1,0,0,0,0
Q8N9X5,0,0,1,0,1
Q8NA29,1,1,0,0,1
Q8NA58,0,0,1,0,0
Q8NAC3,1,1,1,1,1
Q8NAN2,0,0,1,0,1
Q8NAT1,0,0,1,0,0
Q8NAU1,1,1,1,0,1
Q8NB49,1,0,1,0,1
Q8NB59,1,0,1,0,0
Q8NBD8,1,0,1,0,1
Q8NBF6,0,0,1,0,0
Q8NBI2,0,0,0,0,1
Q8NBI5,0,1,0,0,1
Q8NBI6,0,0,1,0,0
Q8NBJ4,0,0,1,0,0
Q8NBJ9,1,1,0,0,1
Q8NBL3,1,1,1,0,1
Q8NBM4,1,1,1,0,1
Q8NBN3,0,1,1,0,1
Q8NBP5,0,0,1,0,1
Q8NBP7,0,0,1,0,0
Q8NBQ7,0,0,1,0,1
Q8NBR0,1,1,0,0,1
Q8NBS3,1,0,0,0,1
Q8NBT3,0,1,1,0,1
Q8NBV4,1,0,0,0,1
Q8NBV8,1,0,1,0,1
Q8NBW4,0,1,0,0,1
Q8NBX0,0,0,0,0,1
Q8NBZ7,0,0,1,0,0
Q8NC01,1,1,1,1,1
Q8NC06,0,0,0,0,1
Q8NC24,0,0,1,0,0
Q8NC42,0,1,1,0,1
Q8NC44,0,0,1,0,1
Q8NC54,1,1,1,0,1
Q8NC67,1,1,1,0,1
Q8NCC5,0,1,1,0,1
Q8NCG5,0,0,1,0,0
Q8NCG7,1,1,1,0,0
Q8NCH0,0,0,1,0,0
Q8NCK7,0,0,1,0,1
Q8NCL4,0,0,1,0,0
Q8NCL8,0,1,0,0,1
Q8NCM2,1,0,1,0,1
Q8NCR0,0,0,1,0,0
Q8NCR9,0,0,1,0,1
Q8NCS7,1,1,1,0,1
Q8NCU8,0,0,1,0,0
Q8NCW0,1,1,1,1,1
Q8NCW6,0,0,1,0,0
Q8ND61,0,0,1,0,0
Q8ND94,1,1,1,0,1
Q8NDB6,0,0,1,0,0
Q8NDV1,0,0,1,0,0
Q8NDV2,1,1,0,0,1
Q8NDX2,0,1,1,0,1
Q8NDY8,0,0,1,0,1
Q8NDZ6,0,0,0,0,1
Q8NE00,1,1,1,0,1
Q8NE01,0,1,1,0,0
Q8NE79,1,1,1,0,1
Q8NE86,0,0,0,0,1
Q8NEA5,1,1,1,0,1
Q8NEB5,0,0,1,0,1
Q8NEC5,1,0,1,0,1
Q8NEQ5,0,0,1,0,1
Q8NER1,1,0,1,1,1
Q8NER5,1,1,0,0,1
Q8NES3,0,0,1,0,0
Q8NES8,0,0,1,0,0
Q8NET1,0,0,1,0,0
Q8NET5,1,1,0,1,1
Q8NET6,0,0,1,0,0
Q8NET8,1,0,1,0,1
Q8NEW0,1,0,1,0,1
Q8NEW7,1,0,1,0,1
Q8NF37,0,0,1,0,1
Q8NF91,0,0,1,0,0
Q8NFB2,0,0,0,0,1
Q8NFF2,1,1,1,0,1
Q8NFJ5,1,1,1,0,1
Q8NFJ6,1,1,1,1,1
Q8NFK1,1,1,1,0,1
Q8NFL0,0,0,1,0,0
Q8NFM4,1,0,0,1,1
Q8NFM7,1,1,1,1,0
Q8NFN8,1,1,1,0,1
Q8NFP4,1,1,0,0,0
Q8NFQ8,0,0,1,0,1
Q8NFR3,0,0,1,0,1
Q8NFR9,1,1,1,0,1
Q8NFT2,0,0,0,0,1
Q8NFT8,1,1,1,0,1
Q8NFU0,1,1,1,0,1
Q8NFU1,1,1,1,0,1
Q8NFY4,1,1,1,0,1
Q8NFZ3,1,1,1,0,1
Q8NFZ4,1,1,1,0,1
Q8NFZ6,1,1,1,0,1
Q8NFZ8,1,1,1,0,1
Q8NG04,0,0,1,0,1
Q8NG11,1,1,1,0,0
Q8NG75,1,1,0,0,1
Q8NG76,1,1,0,0,1
Q8NG77,1,1,1,0,1
Q8NG78,1,1,1,0,1
Q8NG80,1,1,1,0,0
Q8NG81,1,1,1,0,1
Q8NG83,1,1,1,0,1
Q8NG84,1,1,1,0,1
Q8NG85,1,1,0,0,1
Q8NG92,1,1,1,0,1
Q8NG94,1,1,0,0,1
Q8NG95,1,1,1,0,1
Q8NG97,1,1,1,0,1
Q8NG98,1,1,0,0,1
Q8NG99,1,1,1,0,1
Q8NGA0,1,1,0,0,1
Q8NGA1,1,1,0,0,1
Q8NGA2,1,1,1,0,0
Q8NGA4,1,1,1,0,0
Q8NGA5,1,1,0,0,1
Q8NGA6,1,1,0,0,1
Q8NGA8,1,1,0,0,1
Q8NGB2,1,1,1,0,0
Q8NGB4,1,1,0,0,1
Q8NGB6,1,1,1,0,1
Q8NGB8,1,1,1,0,1
Q8NGB9,1,1,0,0,1
Q8NGC0,1,1,0,0,1
Q8NGC1,1,1,0,0,1
Q8NGC2,1,1,1,0,1
Q8NGC3,1,1,1,0,1
Q8NGC4,1,1,1,0,1
Q8NGC5,1,1,1,0,0
Q8NGC6,1,1,0,0,1
Q8NGC7,1,1,0,0,1
Q8NGC8,1,1,1,0,0
Q8NGC9,1,1,1,0,1
Q8NGD0,1,1,1,0,1
Q8NGD1,1,1,0,0,1
Q8NGD2,1,1,0,0,1
Q8NGD3,1,1,0,0,1
Q8NGD4,1,1,0,0,1
Q8NGD5,1,1,0,0,1
Q8NGE0,1,1,0,0,1
Q8NGE1,1,1,1,0,1
Q8NGE2,1,1,1,0,0
Q8NGE3,1,1,1,0,1
Q8NGE5,1,1,1,0,1
Q8NGE7,1,1,0,0,1
Q8NGE8,1,1,1,0,1
Q8NGE9,1,1,1,0,1
Q8NGF0,1,1,1,0,1
Q8NGF1,1,1,1,0,1
Q8NGF3,1,1,1,0,1
Q8NGF4,1,1,1,0,1
Q8NGF6,1,1,0,0,1
Q8NGF7,1,1,1,0,1
Q8NGF8,1,1,0,0,1
Q8NGF9,1,1,0,0,1
Q8NGG0,1,1,1,0,1
Q8NGG1,1,1,1,0,0
Q8NGG2,1,1,0,0,1
Q8NGG3,1,1,1,0,1
Q8NGG4,1,1,1,0,1
Q8NGG5,1,1,1,0,1
Q8NGG6,1,1,0,0,1
Q8NGG7,1,1,1,0,1
Q8NGG8,1,1,1,0,1
Q8NGH3,1,1,1,0,1
Q8NGH5,1,1,1,0,1
Q8NGH6,1,1,1,0,0
Q8NGH7,1,1,1,0,1
Q8NGH8,1,1,1,0,1
Q8NGH9,1,1,1,0,1
Q8NGI0,1,1,1,0,1
Q8NGI1,1,1,0,0,0
Q8NGI2,1,1,1,0,1
Q8NGI3,1,1,0,0,0
Q8NGI4,1,1,1,0,1
Q8NGI6,1,1,1,0,1
Q8NGI7,1,1,1,0,1
Q8NGI8,1,1,0,0,1
Q8NGI9,1,1,0,0,1
Q8NGJ0,1,1,1,0,1
Q8NGJ1,1,1,0,0,1
Q8NGJ2,1,1,0,0,1
Q8NGJ3,1,1,1,0,0
Q8NGJ4,1,1,1,0,1
Q8NGJ5,1,1,1,0,1
Q8NGJ6,1,1,1,0,1
Q8NGJ7,1,1,1,0,1
Q8NGJ8,1,1,1,0,1
Q8NGJ9,1,1,1,0,1
Q8NGK0,1,1,0,0,1
Q8NGK1,1,1,1,0,1
Q8NGK2,1,1,1,0,1
Q8NGK3,1,1,1,0,1
Q8NGK4,1,1,1,0,1
Q8NGK5,1,1,1,0,1
Q8NGK6,1,1,1,0,1
Q8NGK9,1,1,1,0,1
Q8NGL0,1,1,1,0,1
Q8NGL1,1,1,1,0,1
Q8NGL2,1,1,1,0,1
Q8NGL3,1,1,1,0,1
Q8NGL4,1,1,1,0,1
Q8NGL6,1,1,0,0,1
Q8NGL7,1,1,0,0,1
Q8NGL9,1,1,1,0,1
Q8NGM1,1,1,1,0,1
Q8NGM8,1,1,1,0,1
Q8NGM9,1,1,0,0,1
Q8NGN0,1,1,1,0,1
Q8NGN1,1,1,1,0,1
Q8NGN2,1,1,1,0,1
Q8NGN3,1,1,0,0,1
Q8NGN4,1,1,1,0,1
Q8NGN5,1,1,1,0,1
Q8NGN6,1,1,1,0,1
Q8NGN7,1,1,1,0,0
Q8NGN8,1,1,1,0,0
Q8NGP0,1,1,1,0,1
Q8NGP2,1,1,1,0,1
Q8NGP3,1,1,1,0,1
Q8NGP4,1,1,1,0,1
Q8NGP6,1,1,1,0,1
Q8NGP8,1,1,0,0,1
Q8NGP9,1,1,1,0,1
Q8NGQ1,1,1,1,0,1
Q8NGQ2,1,1,1,0,1
Q8NGQ3,1,1,1,0,1
Q8NGQ4,1,1,0,0,1
Q8NGQ5,1,1,1,0,1
Q8NGQ6,1,1,1,0,1
Q8NGR1,1,1,1,0,1
Q8NGR2,1,1,1,0,1
Q8NGR3,1,1,0,0,1
Q8NGR4,1,1,1,0,1
Q8NGR5,1,1,1,0,1
Q8NGR6,1,1,0,0,1
Q8NGR8,1,1,1,0,1
Q8NGR9,1,1,1,0,1
Q8NGS0,1,1,1,0,1
Q8NGS1,1,1,1,0,1
Q8NGS2,1,1,1,0,1
Q8NGS3,1,1,1,0,1
Q8NGS4,1,1,1,0,1
Q8NGS5,1,1,1,0,1
Q8NGS6,1,1,1,0,1
Q8NGS7,1,1,1,0,1
Q8NGS8,1,1,0,0,1
Q8NGS9,1,1,0,0,1
Q8NGT0,1,1,0,0,1
Q8NGT1,1,1,0,0,1
Q8NGT2,1,1,0,0,1
Q8NGT5,1,1,1,0,1
Q8NGT7,1,1,0,0,1
Q8NGT9,1,1,0,0,1
Q8NGU1,1,1,0,0,0
Q8NGU2,1,1,1,0,1
Q8NGU4,1,1,1,0,0
Q8NGU9,1,1,0,0,1
Q8NGV0,1,1,0,0,1
Q8NGV5,1,1,1,0,1
Q8NGV6,1,1,0,0,1
Q8NGV7,1,1,0,0,1
Q8NGW1,1,1,1,0,1
Q8NGW6,1,1,1,0,1
Q8NGX0,1,1,1,0,1
Q8NGX1,1,1,0,0,1
Q8NGX2,1,1,1,0,1
Q8NGX3,1,1,0,0,1
Q8NGX5,1,1,0,0,1
Q8NGX6,1,1,0,0,1
Q8NGX8,1,1,1,0,1
Q8NGX9,1,1,1,0,0
Q8NGY0,1,1,1,0,1
Q8NGY1,1,1,0,0,1
Q8NGY2,1,1,1,0,1
Q8NGY3,1,1,1,0,1
Q8NGY5,1,1,0,0,1
Q8NGY6,1,1,1,0,1
Q8NGY7,1,1,0,0,0
Q8NGY9,1,1,1,0,1
Q8NGZ0,1,1,0,0,0
Q8NGZ2,1,1,1,0,1
Q8NGZ3,1,1,0,0,1
Q8NGZ4,1,1,1,0,1
Q8NGZ5,1,1,1,0,1
Q8NGZ6,1,1,1,0,1
Q8NGZ9,1,1,0,0,1
Q8NH00,1,1,1,0,1
Q8NH01,1,1,1,0,1
Q8NH02,1,1,1,0,1
Q8NH03,1,1,0,0,1
Q8NH04,1,1,1,0,1
Q8NH05,1,1,1,0,1
Q8NH06,1,1,0,0,0
Q8NH07,1,1,0,0,0
Q8NH08,1,1,1,0,0
Q8NH09,1,1,1,0,1
Q8NH10,1,1,1,0,1
Q8NH16,1,1,0,0,1
Q8NH18,1,1,1,0,1
Q8NH19,1,1,0,0,1
Q8NH21,1,1,0,0,1
Q8NH37,1,1,1,0,1
Q8NH40,1,1,1,0,1
Q8NH41,1,1,0,0,1
Q8NH42,1,1,0,0,1
Q8NH43,1,1,0,0,1
Q8NH48,1,1,1,0,1
Q8NH49,1,1,1,0,1
Q8NH50,1,1,1,0,1
Q8NH51,1,1,1,0,1
Q8NH53,1,1,1,0,1
Q8NH54,1,1,1,0,1
Q8NH55,1,1,0,0,1
Q8NH56,1,1,1,0,1
Q8NH57,1,1,1,0,0
Q8NH59,1,1,1,0,1
Q8NH60,1,1,1,0,1
Q8NH61,1,1,1,0,1
Q8NH63,1,1,1,0,0
Q8NH64,1,1,1,0,1
Q8NH67,1,1,1,0,1
Q8NH69,1,1,0,0,1
Q8NH70,1,1,0,0,1
Q8NH72,1,1,1,0,1
Q8NH73,1,1,1,0,1
Q8NH74,1,1,1,0,1
Q8NH76,1,1,1,0,1
Q8NH79,1,1,1,0,1
Q8NH80,1,1,1,0,0
Q8NH81,1,1,1,0,0
Q8NH83,1,1,0,0,1
Q8NH85,1,1,1,0,1
Q8NH87,1,1,1,0,1
Q8NH89,1,1,1,0,0
Q8NH90,1,1,1,0,1
Q8NH92,1,1,1,0,1
Q8NH93,1,1,1,0,1
Q8NH94,1,1,1,0,1
Q8NH95,1,1,0,0,0
Q8NHA4,1,1,1,0,1
Q8NHA6,1,1,0,0,0
Q8NHA8,1,1,1,0,0
Q8NHB1,1,1,1,0,0
Q8NHB7,1,1,1,0,1
Q8NHB8,1,1,1,0,1
Q8NHC4,1,1,0,0,1
Q8NHC5,1,1,1,0,1
Q8NHC6,1,1,1,0,0
Q8NHC7,1,1,0,0,1
Q8NHC8,1,1,0,0,1
Q8NHE4,0,0,1,0,1
Q8NHH9,0,0,0,0,1
Q8NHJ6,1,0,1,1,1
Q8NHK3,1,1,1,1,1
Q8NHL6,1,1,1,1,1
Q8NHP6,0,0,1,0,1
Q8NHS1,0,0,1,0,1
Q8NHS3,1,1,1,0,1
Q8NHU3,0,0,0,0,1
Q8NHV5,0,1,0,0,0
Q8NHX9,1,0,1,0,1
Q8NHY0,0,0,1,0,0
Q8NI17,1,1,1,1,1
Q8NI32,1,1,0,0,0
Q8TAA9,1,0,0,0,1
Q8TAB3,1,1,1,0,1
Q8TAC9,1,0,1,0,1
Q8TAD4,1,0,1,1,1
Q8TAE7,1,0,1,0,1
Q8TAF8,1,1,1,0,1
Q8TAQ9,0,0,1,0,0
Q8TAV3,0,0,1,0,0
Q8TAV4,0,0,1,0,0
Q8TAZ6,0,0,1,0,1
Q8TB36,0,0,1,0,1
Q8TB61,0,0,1,0,1
Q8TB68,1,0,1,0,0
Q8TB96,0,1,1,1,1
Q8TBA6,0,0,1,0,1
Q8TBB6,0,1,1,0,1
Q8TBE1,0,0,1,0,1
Q8TBE3,0,1,1,0,1
Q8TBE7,1,0,1,0,1
Q8TBF5,0,0,1,0,1
Q8TBG9,0,1,1,0,1
Q8TBJ4,0,1,0,0,1
Q8TBM7,0,0,1,0,1
Q8TBM8,0,0,1,0,0
Q8TBP5,1,1,0,0,1
Q8TBP6,0,0,1,0,0
Q8TBQ9,1,0,0,0,1
Q8TBR7,0,0,1,0,1
Q8TC12,0,0,1,0,0
Q8TC26,1,0,1,0,1
Q8TC27,1,1,1,0,1
Q8TC36,0,0,1,0,0
Q8TC41,0,0,1,0,1
Q8TCB6,1,1,1,0,1
Q8TCC7,1,1,1,0,1
Q8TCG1,0,0,1,0,0
Q8TCG5,0,0,1,0,0
Q8TCJ2,0,1,1,0,1
Q8TCP9,1,0,1,0,1
Q8TCQ1,0,0,1,0,0
Q8TCT6,0,0,1,0,1
Q8TCT7,0,1,0,0,1
Q8TCT8,0,1,1,0,1
Q8TCT9,0,1,0,0,1
Q8TCU3,1,0,1,0,1
Q8TCU5,1,1,1,0,1
Q8TCW7,1,1,1,0,1
Q8TCW9,1,1,1,1,1
Q8TCY5,0,0,1,0,0
Q8TCZ2,1,0,1,0,1
Q8TD07,1,1,1,1,1
Q8TD20,1,1,0,0,1
Q8TD43,1,0,1,0,1
Q8TD46,1,1,1,0,1
Q8TD84,1,1,1,0,1
Q8TDB4,0,0,1,0,0
Q8TDB8,1,1,1,0,1
Q8TDD5,1,0,1,0,1
Q8TDF5,1,1,1,0,1
Q8TDI7,1,0,1,0,1
Q8TDI8,1,0,0,0,1
Q8TDM5,1,1,0,0,0
Q8TDN1,1,1,1,0,1
Q8TDN2,1,1,0,0,1
Q8TDQ0,1,1,1,1,1
Q8TDQ1,1,1,1,1,1
Q8TDS4,1,1,1,1,1
Q8TDS5,1,1,1,1,1
Q8TDS7,1,1,1,0,1
Q8TDT2,1,1,0,0,1
Q8TDU5,1,0,0,0,0
Q8TDU6,1,1,1,1,1
Q8TDU9,1,1,0,1,1
Q8TDV0,1,1,1,0,1
Q8TDV2,1,1,1,0,1
Q8TDV5,1,1,1,0,1
Q8TDW0,1,0,1,0,1
Q8TDW4,0,0,1,0,1
Q8TDW7,1,1,1,0,0
Q8TDX5,0,0,0,0,1
Q8TDX6,0,0,1,0,0
Q8TDX9,1,1,1,0,1
Q8TDY8,1,1,1,0,1
Q8TE23,1,1,1,0,1
Q8TE54,1,0,1,0,1
Q8TE99,0,0,1,0,0
Q8TEB7,0,1,1,0,1
Q8TEB9,1,0,1,0,1
Q8TED1,0,0,1,0,0
Q8TED4,0,1,1,0,1
Q8TEF2,0,0,1,0,0
Q8TEM1,0,1,0,0,0
Q8TEQ8,0,1,1,0,0
Q8TEY5,0,0,1,0,0
Q8TEZ7,1,0,1,0,1
Q8TF08,0,0,1,0,0
Q8TF62,0,0,1,1,1
Q8TF66,1,1,1,0,1
Q8TF71,0,0,1,0,1
Q8WTQ1,0,0,1,0,0
Q8WTR4,1,1,1,0,1
Q8WTT0,1,0,1,1,0
Q8WTV0,1,1,1,0,1
Q8WTX9,0,0,1,0,1
Q8WU17,0,0,0,0,1
Q8WU66,0,0,1,0,0
Q8WU67,0,0,1,0,0
Q8WUD6,0,1,1,0,1
Q8WUG5,0,1,1,0,1
Q8WUH6,0,0,0,0,1
Q8WUM9,0,0,1,0,1
Q8WUS8,0,0,0,0,1
Q8WUT4,1,1,1,0,1
Q8WUT9,0,0,1,0,0
Q8WUU8,0,0,1,0,1
Q8WUX1,1,1,0,0,1
Q8WUY8,0,0,1,0,0
Q8WV15,0,1,1,0,1
Q8WV19,0,0,1,0,1
Q8WV48,0,0,0,0,1
Q8WV83,0,0,1,0,1
Q8WVC6,0,0,0,0,1
Q8WVE6,0,1,1,0,1
Q8WVE7,0,0,1,0,0
Q8WVN6,1,1,1,0,0
Q8WVP7,1,1,1,0,1
Q8WVQ1,0,0,1,0,0
Q8WVV5,1,1,1,1,1
Q8WVX3,0,0,1,0,0
Q8WVX9,0,0,1,0,1
Q8WVZ1,0,0,1,0,1
Q8WVZ7,0,0,1,0,1
Q8WW34,0,0,1,0,0
Q8WW43,0,0,1,0,1
Q8WW52,0,0,1,0,0
Q8WW62,0,0,1,0,0
Q8WWA0,1,1,0,0,0
Q8WWA1,0,0,1,0,1
Q8WWB7,0,1,1,0,1
Q8WWF3,0,0,1,0,1
Q8WWF5,0,1,0,0,1
Q8WWG1,1,1,1,0,1
Q8WWG9,1,0,1,1,1
Q8WWI5,0,1,1,1,1
Q8WWL2,0,0,1,0,0
Q8WWP7,0,0,1,0,0
Q8WWQ0,0,0,1,0,0
Q8WWQ8,1,1,1,1,1
Q8WWT9,1,1,1,0,1
Q8WWU5,0,0,1,0,0
Q8WWV6,1,1,1,1,0
Q8WWX8,1,1,0,0,1
Q8WWZ4,0,0,1,1,1
Q8WWZ7,0,1,0,0,1
Q8WXA8,1,1,1,0,1
Q8WXD0,1,1,0,0,1
Q8WXF7,0,0,1,0,0
Q8WXG9,1,1,1,0,1
Q8WXH0,0,0,1,0,0
Q8WXH2,0,0,1,0,0
Q8WXI7,1,1,1,0,1
Q8WXI8,1,0,1,1,0
Q8WXS4,0,1,1,0,1
Q8WXS5,0,1,1,0,1
Q8WY07,1,1,1,0,1
Q8WY21,0,1,1,0,1
Q8WY22,0,0,0,1,1
Q8WY98,0,0,1,0,1
Q8WYK1,1,1,1,0,1
Q8WYL5,0,0,1,0,0
Q8WZ04,0,0,1,0,0
Q8WZ33,0,0,1,0,1
Q8WZ55,1,0,1,0,1
Q8WZ59,1,0,1,0,1
Q8WZ71,0,1,0,0,1
Q8WZ75,0,0,1,0,0
Q8WZ84,1,1,0,0,1
Q8WZ92,1,1,1,0,1
Q8WZ94,1,1,1,0,1
Q8WZA1,0,0,1,0,0
Q8WZA6,1,1,1,0,0
Q902F8,1,1,1,0,0
Q902F9,1,1,1,0,0
Q92185,0,0,1,0,0
Q92186,0,0,1,0,0
Q92187,0,0,1,0,0
Q92478,1,0,1,1,0
Q92482,1,0,1,1,1
Q92485,1,0,0,0,0
Q92504,0,0,1,0,1
Q92508,1,1,1,0,1
Q92521,0,0,1,0,0
Q92535,0,0,1,0,0
Q92536,1,1,1,1,1
Q92537,1,1,1,1,1
Q92542,1,1,1,0,1
Q92543,0,0,0,0,1
Q92544,1,1,1,0,1
Q92545,0,0,1,0,0
Q92581,0,1,1,0,0
Q92604,0,0,1,0,1
Q92611,0,0,1,0,0
Q92617,0,0,1,0,0
Q92626,0,0,0,0,1
Q92629,1,1,1,0,1
Q92633,1,1,1,1,1
Q92637,1,1,0,1,1
Q92643,0,0,1,0,0
Q92673,0,1,1,1,1
Q92692,1,1,1,1,0
Q92729,1,1,1,1,1
Q92736,0,0,1,0,1
Q92752,0,0,1,0,0
Q92806,1,0,1,0,1
Q92813,0,0,1,0,0
Q92819,1,0,1,0,1
Q92823,1,1,1,0,1
Q92824,1,1,1,0,0
Q92832,0,0,1,1,1
Q92838,1,1,0,0,1
Q92839,1,0,0,0,1
Q92843,0,0,0,0,1
Q92847,1,1,1,0,1
Q92854,1,1,1,1,1
Q92859,1,1,1,1,1
Q92887,1,1,1,0,1
Q92896,1,0,1,0,0
Q92911,1,1,1,0,1
Q92932,1,1,1,0,0
Q92935,0,0,1,0,0
Q92952,0,0,1,0,1
Q92953,1,0,1,0,1
Q92956,1,1,1,1,1
Q92959,1,1,0,0,1
Q92968,0,0,1,0,0
Q92982,1,0,1,1,1
Q93033,1,1,1,1,1
Q93038,1,1,0,1,1
Q93050,0,0,1,0,1
Q93063,0,0,1,0,0
Q93070,1,1,0,1,0
Q93084,0,0,0,0,1
Q93086,1,0,1,1,1
Q95365,1,1,1,1,1
Q95460,1,1,1,1,1
Q95604,1,1,1,1,1
Q95IE3,0,1,1,1,1
Q969E2,0,0,1,0,1
Q969F0,0,0,1,0,1
Q969F8,1,1,0,0,1
Q969I6,1,1,1,0,0
Q969K7,0,0,1,0,1
Q969L2,0,0,1,0,1
Q969M2,1,0,1,0,1
Q969M3,0,0,0,0,1
Q969N2,0,1,1,0,0
Q969N4,1,1,1,0,1
Q969P0,1,1,1,1,1
Q969S0,0,0,0,0,1
Q969S6,0,0,1,0,1
Q969V1,1,1,0,0,1
Q969V3,0,0,0,0,1
Q969V5,0,0,1,0,1
Q969V6,0,0,0,1,1
Q969W0,0,0,1,0,1
Q969W1,0,0,0,0,1
Q969W9,0,1,1,0,1
Q969X1,0,0,1,1,1
Q969X2,0,0,1,0,1
Q969X5,0,0,1,0,0
Q969Z4,1,1,1,1,1
Q96A11,0,0,1,0,0
Q96A25,0,1,1,0,1
Q96A26,0,0,1,0,1
Q96A28,1,1,1,1,1
Q96A29,0,0,1,0,0
Q96A33,0,0,1,0,0
Q96A54,1,0,1,0,1
Q96A57,0,0,0,0,1
Q96A59,1,0,1,0,1
Q96AA3,0,0,0,0,1
Q96AC1,0,0,1,0,0
Q96AD5,0,0,1,0,1
Q96AG3,0,0,1,0,0
Q96AG4,0,0,1,0,1
Q96AJ9,1,0,1,0,1
Q96AM1,1,1,1,0,1
Q96AN5,0,0,1,0,1
Q96AP7,1,1,1,1,1
Q96AQ2,0,0,1,0,1
Q96AQ8,0,0,1,1,1
Q96AW1,1,0,1,0,1
Q96B21,0,0,1,0,1
Q96B33,1,0,1,0,1
Q96B42,0,0,1,0,1
Q96B77,0,0,1,0,1
Q96B86,1,1,1,0,0
Q96B96,0,0,1,0,1
Q96BA8,0,0,1,0,0
Q96BD0,1,1,1,0,1
Q96BF3,1,1,0,0,1
Q96BI1,0,0,0,0,1
Q96BM0,0,0,0,0,1
Q96BY9,0,0,1,0,1
Q96BZ4,0,0,1,0,1
Q96BZ9,0,0,1,0,1
Q96C03,0,0,1,0,0
Q96CC6,0,0,1,0,1
Q96CE8,1,1,1,1,1
Q96CH1,1,1,0,0,1
Q96CP6,0,0,1,0,1
Q96CP7,1,0,1,0,1
Q96CU9,0,0,1,0,0
Q96CW9,1,1,0,0,0
Q96D05,0,0,1,0,1
Q96D31,1,0,0,1,1
Q96D42,1,1,1,1,1
Q96D53,0,0,1,0,0
Q96D59,0,0,1,0,1
Q96D96,1,0,1,1,1
Q96DA6,0,0,1,0,0
Q96DB9,1,0,1,1,1
Q96DC7,0,0,1,0,0
Q96DD7,1,1,1,0,1
Q96DL1,0,0,1,0,0
Q96DS6,1,0,1,0,1
Q96DU3,1,1,1,1,1
Q96DX8,0,0,1,0,0
Q96DZ7,1,0,0,0,1
Q96DZ9,0,0,0,0,1
Q96E16,0,0,0,0,1
Q96E52,0,0,1,0,1
Q96E66,0,0,1,0,0
Q96E93,1,1,1,1,1
Q96EC8,0,0,0,0,1
Q96EP9,1,1,1,0,1
Q96ER9,0,0,1,0,1
Q96ES6,0,0,0,0,1
Q96ET8,0,0,0,0,1
Q96EU7,0,0,1,0,0
Q96EX1,0,0,1,0,0
Q96EX2,1,0,1,0,1
Q96F05,1,1,1,0,1
Q96F15,0,0,1,0,0
Q96F25,0,0,1,0,0
Q96F46,1,1,1,1,1
Q96F81,0,1,0,0,1
Q96FB5,0,0,1,0,0
Q96FC9,0,0,1,1,1
Q96FE5,1,1,1,0,1
Q96FE7,1,1,1,0,1
Q96FL8,1,1,1,0,1
Q96FL9,0,0,1,0,0
Q96FM1,0,0,0,0,1
Q96FT7,1,1,1,0,0
Q96FV3,1,1,1,0,1
Q96FX8,0,0,1,0,1
Q96FZ5,0,0,1,1,1
Q96G27,0,0,0,1,1
Q96G30,0,0,1,0,1
Q96G91,1,1,1,1,1
Q96GC9,1,0,0,0,1
Q96GE9,0,0,1,0,1
Q96GF1,0,0,1,0,1
Q96GM1,0,0,0,0,1
Q96GP6,1,1,1,0,0
Q96GQ5,0,0,1,0,1
Q96GR4,0,0,1,0,1
Q96GW7,1,1,0,0,0
Q96GX1,1,1,1,0,0
Q96GX5,0,0,1,0,0
Q96GZ6,0,1,0,0,1
Q96H15,1,1,1,1,1
Q96H72,0,0,0,0,1
Q96H96,0,0,1,0,1
Q96HA1,0,0,1,0,0
Q96HA4,0,1,1,0,0
Q96HA9,0,0,1,0,0
Q96HD1,1,0,0,0,1
Q96HE8,0,0,1,0,1
Q96HH4,1,0,1,0,1
Q96HH6,0,0,0,0,1
Q96HH9,0,0,0,0,1
Q96HJ5,1,0,1,0,1
Q96HP8,0,0,0,0,1
Q96HR9,0,0,1,0,1
Q96HS1,0,0,1,0,0
Q96HV5,0,0,0,0,1
Q96I36,0,0,1,0,0
Q96I45,0,0,0,0,1
Q96ID5,1,0,0,0,0
Q96IK0,0,0,1,0,1
Q96IQ7,1,1,1,0,1
Q96IV6,0,0,1,0,1
Q96IX5,0,0,1,0,0
Q96IZ2,1,0,0,0,1
Q96J42,1,1,1,0,1
Q96J65,0,1,0,0,0
Q96J66,0,1,1,0,0
Q96J84,1,1,1,0,1
Q96J86,1,0,1,0,1
Q96J88,0,0,0,0,1
Q96JA1,1,1,1,1,1
Q96JA4,0,0,0,0,1
Q96JF0,0,0,1,0,0
Q96JI7,0,0,1,0,0
Q96JJ6,0,0,1,0,0
Q96JJ7,0,1,1,0,1
Q96JN2,0,0,1,0,1
Q96JP9,1,1,0,0,1
Q96JQ0,1,1,1,1,1
Q96JQ2,0,0,1,0,1
Q96JQ5,1,0,1,1,1
Q96JT2,0,0,0,0,1
Q96JW4,1,1,1,0,1
Q96JX3,0,0,1,0,0
Q96K12,0,0,1,0,1
Q96K19,0,0,1,0,1
Q96K21,0,0,1,0,0
Q96K37,0,0,0,0,1
Q96K49,0,1,1,0,1
Q96K78,1,1,1,0,1
Q96KA5,1,0,0,0,1
Q96KC8,0,0,1,0,0
Q96KF7,0,0,0,0,1
Q96KG7,1,1,1,0,1
Q96KJ4,1,1,1,0,0
Q96KK3,1,1,1,1,1
Q96KK4,1,1,0,0,1
Q96KN9,1,0,1,0,1
Q96KR4,0,0,0,0,1
Q96KR6,0,0,1,0,1
Q96KT7,0,0,1,0,1
Q96KV6,1,1,1,0,1
Q96L08,1,1,1,1,1
Q96L42,1,0,0,0,1
Q96L58,0,0,1,0,0
Q96LA5,1,1,1,1,1
Q96LA6,1,1,1,1,1
Q96LA9,1,1,1,0,1
Q96LB0,1,1,1,0,1
Q96LB1,1,1,1,1,1
Q96LB2,1,1,1,0,1
Q96LC7,1,1,1,1,1
Q96LD1,1,1,1,0,1
Q96LL3,0,0,1,0,0
Q96LL9,0,0,0,0,1
Q96LR9,0,0,0,0,1
Q96LT4,0,0,1,0,1
Q96LU7,0,0,1,0,0
Q96LW7,0,0,0,0,1
Q96LZ7,0,0,1,0,0
Q96M19,0,0,0,0,1
Q96MC6,1,1,1,0,1
Q96MH6,0,0,0,0,1
Q96MM7,0,0,1,0,1
Q96MS0,1,1,1,0,1
Q96MT1,0,0,0,0,1
Q96MU8,1,1,1,1,1
Q96MV1,0,0,1,0,1
Q96MV8,0,0,1,0,1
Q96MX0,0,0,0,1,1
Q96MZ0,0,0,0,0,1
Q96N19,1,1,0,0,1
Q96N23,0,0,0,0,1
Q96N66,0,0,1,0,1
Q96N68,0,0,1,0,0
Q96N87,1,1,1,0,1
Q96NA8,0,0,1,0,1
Q96ND0,0,0,1,0,1
Q96NF6,0,0,1,0,0
Q96NI6,1,1,1,0,1
Q96NL1,0,0,1,0,1
Q96NR3,0,1,1,0,1
Q96NT5,1,1,1,0,1
Q96NU0,1,1,1,0,0
Q96NY7,0,0,1,0,0
Q96NY8,1,1,1,0,1
Q96P31,1,1,1,1,1
Q96P56,1,0,0,0,1
Q96P65,1,1,1,0,1
Q96P66,1,1,1,0,1
Q96P67,1,1,0,0,1
Q96P68,1,1,1,0,1
Q96P69,1,1,0,0,1
Q96P88,1,1,1,0,0
Q96PB1,0,1,0,0,1
Q96PB8,0,1,0,0,1
Q96PC5,0,0,0,0,1
Q96PD2,1,1,1,0,1
Q96PD6,0,0,0,0,1
Q96PD7,0,0,0,0,1
Q96PE1,1,1,0,0,1
Q96PE3,0,0,0,0,1
Q96PE5,1,1,1,0,1
Q96PG2,1,0,0,0,1
Q96PH1,1,0,0,1,1
Q96PH6,0,0,1,0,0
Q96PJ5,1,1,1,1,1
Q96PL2,1,1,0,0,0
Q96PL5,1,1,1,0,1
Q96PN6,0,0,0,0,1
Q96PQ0,1,1,1,0,1
Q96PQ1,1,1,1,1,1
Q96PR1,0,0,1,0,1
Q96PS8,1,1,1,0,1
Q96PX8,1,1,1,0,1
Q96PZ7,1,1,1,1,1
Q96Q04,0,0,1,0,0
Q96Q45,0,0,0,0,1
Q96Q80,0,0,1,0,0
Q96Q91,1,0,1,0,1
Q96QD8,1,1,1,0,1
Q96QE2,1,1,1,0,1
Q96QE3,0,0,0,0,1
Q96QE4,1,1,1,0,1
Q96QI5,0,0,1,0,0
Q96QK8,0,0,1,0,1
Q96QS1,0,0,1,1,1
Q96QT4,1,0,0,1,1
Q96QU1,1,1,1,1,1
Q96QV1,0,0,1,0,0
Q96QZ0,1,0,1,0,1
Q96R08,1,1,1,0,1
Q96R09,1,1,0,0,1
Q96R27,1,1,0,0,1
Q96R28,1,1,1,0,1
Q96R30,1,1,1,0,1
Q96R45,1,1,0,0,1
Q96R47,1,1,0,0,1
Q96R48,1,1,0,0,1
Q96R54,1,1,0,0,0
Q96R67,1,1,0,0,1
Q96R69,1,1,0,0,1
Q96R72,1,1,0,0,0
Q96R84,1,1,1,0,0
Q96RA2,1,1,1,0,1
Q96RB7,1,1,1,0,1
Q96RC9,1,1,1,0,1
Q96RD0,1,1,1,0,1
Q96RD1,1,1,1,0,1
Q96RD2,1,1,0,0,1
Q96RD3,1,1,1,0,1
Q96RD6,1,1,1,0,1
Q96RD7,1,1,1,1,1
Q96RD9,1,1,1,1,1
Q96RI0,1,1,1,1,1
Q96RI8,1,1,0,0,1
Q96RI9,1,1,1,0,1
Q96RJ0,1,1,1,0,1
Q96RJ3,1,0,1,1,1
Q96RL6,1,1,1,0,0
Q96RN1,1,1,1,0,1
Q96RP7,0,0,1,0,0
Q96RP8,0,0,1,0,1
Q96RQ1,0,0,1,0,0
Q96RT6,0,0,1,0,0
Q96RV3,0,1,0,0,1
Q96S06,0,0,0,0,1
Q96S37,0,1,1,0,1
Q96S52,0,0,1,0,0
Q96S66,0,0,0,0,1
Q96S97,0,1,1,1,1
Q96SA4,0,1,1,0,1
Q96SE0,0,0,1,1,1
Q96SJ8,1,1,1,0,0
Q96SK2,0,0,1,0,1
Q96SL1,0,1,0,0,1
Q96SN7,0,0,0,1,1
Q96T52,0,0,1,0,0
Q96T53,0,0,1,0,0
Q96T54,0,0,1,0,1
Q96T55,0,0,0,0,1
Q96T83,0,1,1,0,0
Q96TA0,0,0,1,0,0
Q96TA2,0,0,1,0,0
Q96TC7,0,0,1,0,0
Q99062,1,1,1,1,1
Q99075,1,1,1,1,1
Q99102,0,1,1,0,1
Q99217,0,0,1,0,0
Q99250,1,1,1,0,1
Q99435,0,0,1,0,1
Q99437,0,0,1,0,1
Q99442,0,0,1,0,0
Q99445,1,1,0,0,0
Q99463,1,1,0,0,0
Q99466,1,1,1,1,0
Q99467,1,1,1,1,1
Q99500,1,1,1,1,1
Q99523,1,1,1,0,0
Q99527,1,1,1,0,1
Q99571,1,1,1,1,1
Q99572,1,1,1,1,0
Q99595,0,0,1,0,0
Q99624,0,0,1,0,1
Q99643,0,0,1,0,0
Q99650,1,1,1,0,1
Q99665,1,1,1,1,1
Q99677,1,1,1,0,1
Q99678,1,1,1,0,1
Q99679,1,1,1,0,1
Q99680,1,1,0,0,1
Q99705,1,1,1,0,1
Q99706,1,1,1,1,0
Q99712,1,0,1,0,1
Q99720,0,0,0,0,1
Q99726,0,0,1,0,1
Q99735,0,0,1,0,0
Q99758,0,1,1,0,1
Q99788,1,1,1,1,1
Q99795,1,1,1,0,1
Q99797,0,0,1,0,1
Q99805,0,1,1,0,1
Q99808,1,1,0,1,1
Q99835,1,1,1,1,1
Q99884,1,1,1,0,1
Q99928,1,1,1,0,1
Q99941,0,0,1,0,0
Q99942,0,0,0,0,1
Q99943,0,0,1,0,0
Q99946,1,0,1,0,1
Q99965,1,1,1,0,1
Q99999,0,0,1,0,0
Q9BPV8,1,1,1,1,1
Q9BPW4,0,0,0,0,1
Q9BQ31,1,0,1,1,1
Q9BQ49,1,0,0,0,0
Q9BQ51,1,1,1,1,1
Q9BQ89,0,0,1,0,0
Q9BQA9,0,0,1,0,0
Q9BQD7,0,0,1,0,0
Q9BQE4,0,0,1,0,0
Q9BQE5,0,0,0,0,1
Q9BQG1,0,0,1,0,1
Q9BQI7,0,0,1,0,0
Q9BQJ4,0,0,0,0,1
Q9BQQ7,0,0,0,0,1
Q9BQS2,1,0,1,0,0
Q9BQS7,1,1,1,0,1
Q9BQT9,1,1,1,0,1
Q9BR10,0,0,1,0,0
Q9BR26,1,0,0,0,0
Q9BR39,0,0,1,0,0
Q9BRB3,0,0,1,0,1
Q9BRI3,0,0,0,0,1
Q9BRK0,0,0,1,0,1
Q9BRK3,1,1,1,0,1
Q9BRL7,0,0,1,0,0
Q9BRN9,0,0,1,1,1
Q9BRQ5,0,0,1,1,1
Q9BRQ8,0,0,1,0,1
Q9BRR3,0,0,0,0,1
Q9BRV3,0,0,0,1,1
Q9BRY0,1,0,1,0,1
Q9BS26,0,0,1,0,0
Q9BS91,0,1,0,0,0
Q9BSA4,1,1,1,1,1
Q9BSA9,0,0,0,0,1
Q9BSE2,1,0,0,0,1
Q9BSE4,0,0,1,0,1
Q9BSJ5,1,0,1,0,1
Q9BSJ8,0,0,1,0,1
Q9BSK0,1,0,1,0,1
Q9BSN7,1,1,1,0,1
Q9BSR8,1,0,0,0,1
Q9BT22,0,0,1,0,0
Q9BT67,1,0,1,0,1
Q9BT76,0,1,1,0,0
Q9BT88,0,0,1,0,0
Q9BTD3,0,0,1,0,1
Q9BTN0,1,1,1,0,1
Q9BTV4,0,0,1,0,1
Q9BTV5,0,0,1,0,0
Q9BTX1,0,0,1,0,1
Q9BTX3,0,0,1,0,0
Q9BU23,0,0,0,0,1
Q9BU79,0,0,0,0,1
Q9BUB7,0,0,1,0,1
Q9BUF7,1,1,1,0,1
Q9BUJ0,0,0,1,0,0
Q9BUM1,0,0,0,0,1
Q9BUN8,0,0,1,0,0
Q9BUV8,0,0,0,0,1
Q9BV23,1,0,1,0,0
Q9BV40,0,0,1,0,0
Q9BV81,0,0,1,0,1
Q9BV87,0,0,1,0,0
Q9BVA6,0,0,1,0,0
Q9BVC6,0,0,1,0,1
Q9BVG9,0,0,1,0,1
Q9BVH7,0,0,1,0,0
Q9BVI4,0,0,1,0,0
Q9BVK6,0,0,1,0,0
Q9BVK8,0,0,1,0,1
Q9BVT8,0,0,1,0,1
Q9BVV7,0,0,1,0,1
Q9BVV8,0,0,1,0,0
Q9BVX2,0,0,0,0,1
Q9BW60,0,0,1,0,0
Q9BW72,0,0,1,0,1
Q9BWL3,0,0,1,0,0
Q9BWM7,0,0,0,0,1
Q9BWQ6,0,0,1,0,1
Q9BWQ8,0,1,1,0,1
Q9BWV1,1,1,1,0,1
Q9BWV2,0,0,1,0,0
Q9BWW8,0,0,0,0,1
Q9BX51,0,0,1,0,0
Q9BX67,1,1,1,1,1
Q9BX73,0,0,1,1,1
Q9BX74,0,0,1,1,1
Q9BX79,1,0,0,0,1
Q9BX84,1,0,0,0,1
Q9BX95,0,0,1,0,1
Q9BX97,1,1,1,0,0
Q9BXA5,1,1,1,0,1
Q9BXB1,1,1,0,0,1
Q9BXC0,1,1,0,0,1
Q9BXC1,1,1,0,0,1
Q9BXE9,1,1,0,0,0
Q9BXI2,0,0,1,0,0
Q9BXJ7,1,1,1,1,1
Q9BXJ8,1,0,1,0,1
Q9BXK5,0,0,1,0,0
Q9BXM7,0,0,1,0,0
Q9BXN2,1,1,1,1,1
Q9BXP2,1,1,1,0,1
Q9BXQ6,0,0,0,0,1
Q9BXR3,0,0,1,0,0
Q9BXR5,1,1,1,1,1
Q9BXS0,1,0,1,0,1
Q9BXS4,1,0,1,0,1
Q9BXS9,1,1,1,0,1
Q9BXT2,0,1,1,0,1
Q9BXU9,1,0,1,0,1
Q9BY07,1,1,1,0,1
Q9BY08,0,0,1,0,0
Q9BY10,1,1,0,1,1
Q9BY14,1,1,0,0,0
Q9BY15,1,1,0,1,1
Q9BY19,1,0,0,0,1
Q9BY21,1,1,1,0,1
Q9BY50,0,0,1,0,0
Q9BY64,0,0,1,0,0
Q9BY67,1,1,1,0,1
Q9BY71,0,0,0,1,1
Q9BY78,0,0,1,0,1
Q9BY79,1,1,1,0,1
Q9BYC5,0,0,1,0,0
Q9BYE2,1,1,1,0,1
Q9BYE9,1,1,1,0,0
Q9BYF1,1,1,1,1,1
Q9BYG0,0,0,1,0,0
Q9BYH1,1,0,1,0,1
Q9BYT1,0,1,1,0,1
Q9BYT9,1,1,1,0,1
Q9BYW1,1,1,0,0,1
Q9BYW3,0,0,1,0,0
Q9BZ11,1,1,1,0,0
Q9BZ76,1,1,1,0,1
Q9BZA7,1,1,1,0,1
Q9BZA8,1,1,1,0,1
Q9BZC7,0,1,0,0,1
Q9BZD2,1,1,0,0,1
Q9BZD6,1,0,1,0,1
Q9BZD7,1,0,1,0,1
Q9BZF1,0,0,0,0,1
Q9BZG2,1,1,1,1,1
Q9BZG9,0,1,0,0,0
Q9BZH6,0,0,1,0,0
Q9BZJ4,0,0,1,0,0
Q9BZJ6,1,1,1,1,1
Q9BZJ7,1,1,1,0,1
Q9BZJ8,1,1,1,1,1
Q9BZL6,0,0,1,0,1
Q9BZM4,1,1,0,0,0
Q9BZM5,1,1,1,1,1
Q9BZM6,1,1,0,1,1
Q9BZR6,1,1,1,0,0
Q9BZV2,1,1,1,0,1
Q9BZV3,1,1,1,0,1
Q9BZW2,0,1,0,0,1
Q9BZW4,0,0,0,0,1
Q9BZW5,0,0,1,0,1
Q9BZW8,1,1,1,1,0
Q9BZZ2,1,1,1,1,1
Q9C091,0,0,1,0,0
Q9C0A0,1,1,1,0,1
Q9C0B5,1,1,1,0,1
Q9C0B7,0,0,1,0,0
Q9C0C4,1,1,1,1,1
Q9C0D9,0,0,1,0,1
Q9C0E8,0,0,0,0,1
Q9C0H2,1,1,1,1,1
Q9C0I4,1,1,1,0,0
Q9C0J1,0,0,1,0,0
Q9C0K1,1,1,0,0,1
Q9GIP4,0,0,1,0,0
Q9GIY3,0,1,1,1,1
Q9GZK3,1,1,1,0,1
Q9GZK4,1,1,0,0,1
Q9GZK6,1,1,1,0,0
Q9GZK7,1,1,1,0,1
Q9GZM5,0,0,1,0,1
Q9GZM6,1,1,1,0,1
Q9GZN0,1,1,0,0,1
Q9GZN6,1,1,1,0,1
Q9GZP1,0,0,1,0,1
Q9GZP7,1,1,0,0,0
Q9GZP9,0,0,1,0,0
Q9GZQ4,1,1,1,0,1
Q9GZQ6,1,1,1,0,1
Q9GZR5,0,0,1,0,0
Q9GZS9,0,0,1,0,0
Q9GZT6,0,0,1,0,1
Q9GZU1,1,1,1,1,1
Q9GZU3,0,0,0,0,1
Q9GZV3,1,1,1,0,1
Q9GZV5,0,0,1,0,0
Q9GZW8,1,0,0,1,1
Q9GZX3,0,0,1,0,0
Q9GZY4,0,0,1,0,0
Q9GZY6,1,0,1,0,0
Q9GZY8,0,0,1,0,1
Q9GZZ6,1,1,0,0,1
Q9GZZ7,1,1,0,0,0
Q9GZZ8,1,0,0,0,0
Q9GZZ9,0,0,0,0,1
Q9H013,1,1,1,1,1
Q9H015,1,1,0,1,1
Q9H061,0,0,0,0,1
Q9H0A3,0,0,1,0,0
Q9H0C3,1,0,0,0,1
Q9H0H0,0,0,1,0,0
Q9H0H5,0,0,1,0,0
Q9H0Q3,1,0,1,0,1
Q9H0R3,1,0,1,0,1
Q9H0U3,1,0,0,0,1
Q9H0V1,0,0,0,0,1
Q9H0V9,0,1,1,0,0
Q9H0X4,1,0,1,0,0
Q9H0X9,0,0,1,0,0
Q9H156,1,1,1,0,1
Q9H158,1,1,1,0,1
Q9H159,1,1,1,1,1
Q9H172,1,1,0,1,1
Q9H195,0,1,1,0,0
Q9H1B5,0,0,1,0,0
Q9H1C0,1,1,1,1,1
Q9H1C3,0,0,1,0,0
Q9H1C4,0,1,1,0,1
Q9H1C7,0,0,1,0,0
Q9H1D0,1,1,1,1,1
Q9H1E5,0,1,1,0,1
Q9H1J7,0,0,1,0,0
Q9H1K4,0,0,1,0,0
Q9H1M3,0,0,1,0,0
Q9H1M4,0,0,1,0,0
Q9H1N7,0,0,1,0,1
Q9H1U4,1,1,1,0,0
Q9H1U9,0,0,1,0,0
Q9H1V8,1,1,1,0,1
Q9H1X3,0,0,0,0,1
Q9H1Y3,1,1,1,1,1
Q9H1Z9,1,0,1,0,1
Q9H205,1,1,1,0,1
Q9H207,1,1,1,0,1
Q9H208,1,1,0,0,1
Q9H209,1,1,0,0,1
Q9H210,1,1,0,0,1
Q9H213,0,0,0,0,1
Q9H221,1,0,1,0,1
Q9H222,1,1,1,0,1
Q9H228,1,1,0,1,1
Q9H237,1,0,1,0,1
Q9H239,0,0,0,1,0
Q9H244,1,1,1,1,1
Q9H251,1,1,1,0,1
Q9H252,1,0,1,0,1
Q9H255,1,1,1,0,1
Q9H295,1,1,1,1,1
Q9H2A7,1,1,1,1,1
Q9H2A9,0,0,1,0,0
Q9H2B2,0,0,1,0,0
Q9H2B4,0,1,1,1,1
Q9H2C2,0,0,0,0,1
Q9H2C5,1,1,1,0,1
Q9H2C8,1,1,0,0,1
Q9H2D1,0,0,1,0,0
Q9H2E6,1,1,1,0,1
Q9H2F3,0,0,1,0,0
Q9H2H9,1,1,1,1,1
Q9H2J7,1,1,1,0,1
Q9H2L4,0,0,1,0,1
Q9H2S1,0,0,1,0,1
Q9H2S6,1,0,1,0,1
Q9H2U9,1,1,1,0,1
Q9H2V7,0,0,1,0,1
Q9H2W1,1,1,1,1,1
Q9H2X3,1,1,1,1,1
Q9H2X9,0,1,0,0,1
Q9H2Y9,1,1,1,0,1
Q9H300,0,0,0,0,1
Q9H310,1,0,1,0,1
Q9H313,1,1,1,0,1
Q9H330,0,1,1,0,1
Q9H339,1,1,1,0,1
Q9H340,1,1,1,0,1
Q9H341,1,1,1,0,1
Q9H342,1,1,0,0,0
Q9H343,1,1,1,0,1
Q9H344,1,1,0,0,1
Q9H346,1,1,1,0,1
Q9H3H5,0,0,1,0,0
Q9H3K2,0,0,1,0,1
Q9H3M0,0,0,1,0,0
Q9H3N1,1,0,1,0,0
Q9H3N8,1,1,0,1,1
Q9H3Q3,0,0,1,0,0
Q9H3R1,0,0,1,0,0
Q9H3R2,1,1,1,1,1
Q9H3S1,1,1,0,1,1
Q9H3S3,1,1,1,0,1
Q9H3S5,0,0,0,0,1
Q9H3T2,1,1,0,0,0
Q9H3T3,1,1,1,0,1
Q9H3U5,0,0,1,0,1
Q9H3V2,1,0,1,0,1
Q9H3W5,1,1,1,0,1
Q9H3Z4,0,0,0,0,1
Q9H400,1,0,1,0,0
Q9H427,0,0,1,0,1
Q9H461,1,1,1,0,1
Q9H496,0,0,1,0,1
Q9H4A9,1,1,0,0,0
Q9H4B8,1,1,0,0,0
Q9H4D0,1,1,1,0,1
Q9H4F1,0,0,1,0,0
Q9H4I9,0,0,1,0,1
Q9H511,0,0,0,0,1
Q9H553,0,0,1,0,0
Q9H598,0,1,0,0,1
Q9H5I5,0,1,1,0,1
Q9H5J4,0,0,0,0,1
Q9H5K3,0,0,1,0,0
Q9H5V8,1,1,1,1,1
Q9H5Y7,1,1,1,0,1
Q9H665,1,1,1,0,1
Q9H6A9,0,0,1,0,0
Q9H6B4,1,1,1,1,1
Q9H6D3,1,0,1,0,1
Q9H6D8,1,1,1,0,1
Q9H6F2,0,0,1,0,1
Q9H6H4,0,0,1,0,1
Q9H6L2,0,1,1,0,0
Q9H6L5,0,0,1,0,1
Q9H6R6,0,0,0,0,1
Q9H6X2,1,1,1,1,1
Q9H6X4,1,0,1,0,1
Q9H6Y7,0,1,1,0,1
Q9H720,0,0,1,0,0
Q9H756,1,1,1,0,1
Q9H7F0,0,1,0,0,0
Q9H7F4,0,0,1,0,0
Q9H7M9,1,1,1,0,1
Q9H7T0,0,0,0,0,1
Q9H7V2,1,0,1,0,1
Q9H7Z7,0,0,1,0,0
Q9H813,1,0,1,0,1
Q9H819,0,0,1,0,0
Q9H841,0,1,1,0,1
Q9H8H3,0,0,0,0,1
Q9H8J5,1,1,1,0,1
Q9H8M5,1,1,0,0,1
Q9H8M9,0,0,1,0,1
Q9H8P0,0,0,1,0,1
Q9H8V3,0,0,1,0,0
Q9H8X9,0,1,1,0,0
Q9H902,0,0,0,0,1
Q9H920,0,0,1,0,1
Q9H936,0,0,1,0,0
Q9H9B4,0,0,1,0,0
Q9H9K5,1,1,1,0,0
Q9H9P2,1,1,1,1,1
Q9H9S3,0,0,1,0,0
Q9H9S5,0,1,1,0,0
Q9H9V4,0,0,1,0,1
Q9HA72,0,1,0,0,1
Q9HA82,0,0,1,0,0
Q9HAB3,0,1,1,1,1
Q9HAR2,1,1,0,0,1
Q9HAS3,1,1,1,1,1
Q9HAT1,0,0,1,0,0
Q9HAV5,1,1,1,0,1
Q9HB14,0,0,1,0,1
Q9HB15,0,0,1,0,1
Q9HB29,1,1,1,0,1
Q9HB89,1,1,1,1,1
Q9HBA0,1,1,1,0,1
Q9HBB8,1,1,1,0,1
Q9HBD1,0,0,1,0,0
Q9HBE5,1,1,1,1,1
Q9HBG4,0,0,1,0,1
Q9HBG7,1,1,1,1,1
Q9HBI6,0,0,1,0,0
Q9HBJ8,1,1,1,0,1
Q9HBL0,0,0,1,0,0
Q9HBL6,1,1,1,0,1
Q9HBL7,1,0,0,0,1
Q9HBM0,0,0,0,0,1
Q9HBR0,0,0,0,0,1
Q9HBT6,1,1,1,0,1
Q9HBU6,0,0,0,0,1
Q9HBU9,0,0,1,0,0
Q9HBV1,0,0,0,0,1
Q9HBV2,1,1,1,0,1
Q9HBW0,1,1,1,1,1
Q9HBW1,1,1,1,0,1
Q9HBW9,1,1,0,0,0
Q9HBX8,1,1,1,1,1
Q9HBX9,1,1,0,0,1
Q9HBY0,1,0,1,0,1
Q9HC07,0,0,0,0,1
Q9HC10,1,0,1,0,1
Q9HC24,0,0,1,1,1
Q9HC29,0,0,1,0,0
Q9HC47,0,0,1,0,0
Q9HC56,1,1,1,1,1
Q9HC58,1,1,0,0,1
Q9HC73,1,1,1,1,1
Q9HC97,1,1,1,0,1
Q9HCC8,1,1,1,0,1
Q9HCE9,1,0,0,0,1
Q9HCF6,1,0,1,1,1
Q9HCJ1,1,1,1,0,1
Q9HCJ2,0,1,1,0,1
Q9HCK4,1,1,1,0,1
Q9HCL0,1,1,1,0,1
Q9HCL2,0,0,1,0,0
Q9HCM2,1,1,1,0,0
Q9HCM3,0,0,1,0,0
Q9HCN3,1,1,1,0,1
Q9HCN6,1,1,1,1,1
Q9HCP6,0,0,1,0,1
Q9HCQ5,0,0,1,0,0
Q9HCT0,0,0,1,0,0
Q9HCU0,1,1,1,1,1
Q9HCU4,1,1,0,0,1
Q9HCU5,0,0,1,0,0
Q9HCX4,1,0,0,0,1
Q9HD20,1,1,0,0,1
Q9HD23,0,0,1,0,1
Q9HD36,0,0,1,0,0
Q9HD43,1,1,1,0,1
Q9HD45,0,1,1,1,1
Q9HDB5,1,1,1,0,1
Q9HDC5,0,0,1,0,0
Q9HDC9,1,0,1,0,1
Q9HDD0,0,0,1,0,0
Q9N2J8,1,1,0,0,0
Q9N2K0,1,1,0,0,0
Q9NNX6,1,0,1,1,0
Q9NNZ3,0,0,1,0,1
Q9NP31,0,0,1,0,0
Q9NP58,0,0,1,0,0
Q9NP59,0,1,1,1,1
Q9NP60,1,1,1,0,1
Q9NP78,0,1,1,0,0
Q9NP80,0,0,1,0,0
Q9NP84,1,0,1,1,1
Q9NP85,0,0,0,0,1
Q9NP91,1,1,1,0,1
Q9NP94,1,1,0,0,1
Q9NP99,1,1,1,1,1
Q9NPA0,1,0,0,0,1
Q9NPA1,1,1,0,1,1
Q9NPA2,1,1,0,1,0
Q9NPB0,0,0,1,0,1
Q9NPB9,1,1,1,1,1
Q9NPC1,1,1,1,0,1
Q9NPC2,1,0,1,0,1
Q9NPC4,0,0,1,0,0
Q9NPD5,1,1,0,0,1
Q9NPD7,1,1,0,0,0
Q9NPF0,1,1,1,1,1
Q9NPF2,0,0,1,0,0
Q9NPG1,1,1,0,0,1
Q9NPG4,1,1,1,0,1
Q9NPG8,0,0,1,0,1
Q9NPH3,1,1,1,1,1
Q9NPH5,1,1,1,0,1
Q9NPI0,0,0,1,0,1
Q9NPI9,1,0,1,0,1
Q9NPL8,0,0,1,0,0
Q9NPR2,1,1,0,0,1
Q9NPR9,0,1,1,0,0
Q9NPU4,0,1,0,0,1
Q9NPY3,1,1,1,1,1
Q9NPZ5,0,0,1,0,0
Q9NQ11,1,1,1,0,1
Q9NQ25,1,1,1,1,1
Q9NQ34,0,1,1,0,1
Q9NQ40,1,1,1,0,1
Q9NQ60,0,1,1,0,1
Q9NQ84,1,1,1,0,1
Q9NQ90,1,1,1,0,1
Q9NQA5,1,1,1,1,1
Q9NQC3,0,0,1,0,0
Q9NQG6,0,0,1,0,0
Q9NQN1,1,1,0,0,1
Q9NQQ7,0,0,1,1,1
Q9NQR9,0,0,0,0,1
Q9NQS3,1,1,1,1,1
Q9NQS5,1,1,0,1,1
Q9NQW8,1,0,1,0,1
Q9NQX5,0,0,1,0,1
Q9NQX7,0,1,1,0,1
Q9NQZ7,0,0,0,0,1
Q9NR16,1,1,1,1,1
Q9NR34,0,0,1,0,0
Q9NR61,1,1,1,1,1
Q9NR71,0,0,1,0,0
Q9NR77,0,0,1,0,1
Q9NR82,1,0,1,0,1
Q9NR96,1,1,1,1,0
Q9NR97,1,1,1,1,1
Q9NRA1,0,0,1,0,0
Q9NRA2,0,1,0,0,1
Q9NRB3,0,0,1,0,0
Q9NRC1,0,0,0,0,1
Q9NRD8,1,1,1,0,1
Q9NRD9,1,1,0,0,1
Q9NRJ7,1,1,1,0,1
Q9NRM0,1,1,1,1,1
Q9NRM6,1,1,1,1,1
Q9NRP0,1,0,0,0,1
Q9NRQ2,1,0,1,0,0
Q9NRQ5,0,0,1,0,1
Q9NRR2,0,1,1,0,1
Q9NRS4,1,0,1,0,1
Q9NRU3,0,0,1,0,0
Q9NRX5,0,1,1,0,1
Q9NRX6,1,0,1,0,1
Q9NRY6,1,0,1,0,0
Q9NRY7,1,0,1,0,0
Q9NRZ5,0,0,1,0,1
Q9NRZ7,0,0,1,0,1
Q9NS00,0,0,1,0,0
Q9NS40,1,0,1,0,1
Q9NS62,1,1,1,1,1
Q9NS64,0,1,1,0,1
Q9NS66,1,1,1,0,1
Q9NS67,1,1,0,0,1
Q9NS68,1,1,1,1,1
Q9NS69,0,0,1,0,0
Q9NS75,1,1,0,1,1
Q9NS82,0,1,1,0,1
Q9NS84,0,0,1,0,0
Q9NS93,0,1,1,1,1
Q9NSA0,1,1,1,0,1
Q9NSA2,0,0,1,0,1
Q9NSC7,0,0,1,0,0
Q9NSD5,1,1,1,0,1
Q9NSD7,1,1,0,0,1
Q9NSI5,1,1,0,0,0
Q9NSK7,0,0,1,0,1
Q9NST1,0,0,1,0,0
Q9NT68,1,1,1,0,0
Q9NT99,1,1,1,0,0
Q9NTG1,1,1,1,0,1
Q9NTI2,1,0,1,0,1
Q9NTJ5,0,0,1,0,1
Q9NTN3,0,0,1,0,0
Q9NTN9,1,1,1,0,1
Q9NTQ9,1,1,1,0,1
Q9NU53,1,1,1,0,1
Q9NUB4,0,0,1,0,0
Q9NUD9,0,0,0,0,1
Q9NUE0,0,0,0,0,1
Q9NUH8,0,0,1,0,1
Q9NUM3,0,1,1,0,1
Q9NUM4,0,1,1,0,1
Q9NUN5,1,1,1,0,1
Q9NUQ2,0,0,1,0,1
Q9NUR3,0,0,1,0,1
Q9NUU6,0,0,0,0,1
Q9NUV7,0,0,1,0,0
Q9NV12,1,1,0,0,1
Q9NV29,0,0,1,0,1
Q9NV58,0,0,1,0,1
Q9NV64,0,0,0,0,1
Q9NV92,1,0,1,0,1
Q9NV96,0,1,1,0,1
Q9NVA4,0,0,1,0,1
Q9NVC3,0,0,0,0,1
Q9NVI7,0,0,1,0,0
Q9NVM1,0,0,0,0,1
Q9NVV0,0,0,0,0,1
Q9NVV5,1,0,1,0,1
Q9NW15,1,0,1,0,1
Q9NW97,0,0,1,0,1
Q9NWC5,0,0,1,0,1
Q9NWD8,0,0,0,0,1
Q9NWF4,0,1,1,0,1
Q9NWH2,0,0,1,0,1
Q9NWH9,0,0,1,0,1
Q9NWM0,0,0,1,1,1
Q9NWQ8,1,0,1,0,0
Q9NWR8,0,0,1,0,1
Q9NWS6,0,0,1,0,0
Q9NWW5,0,0,1,0,1
Q9NWW9,0,0,1,0,1
Q9NX00,0,0,0,0,1
Q9NX14,0,0,1,0,0
Q9NX47,0,0,1,0,0
Q9NX52,0,1,0,0,1
Q9NX61,1,1,1,0,1
Q9NX62,0,0,1,0,0
Q9NX76,1,0,1,1,1
Q9NX77,0,1,1,0,0
Q9NX78,0,0,1,0,1
Q9NX94,0,0,1,0,1
Q9NX95,0,0,1,0,0
Q9NXB9,0,0,1,0,0
Q9NXE4,0,0,1,0,1
Q9NXF1,0,0,1,0,0
Q9NXF8,0,0,1,0,1
Q9NXG6,0,0,1,0,0
Q9NXH8,0,0,1,0,0
Q9NXI6,0,0,1,0,1
Q9NXJ0,1,0,0,0,1
Q9NXK6,1,0,1,0,1
Q9NXL6,1,1,0,0,1
Q9NXR1,0,0,1,0,0
Q9NXS2,0,0,1,0,1
Q9NXW2,0,0,1,0,1
Q9NY15,1,1,1,1,1
Q9NY25,1,1,1,1,0
Q9NY26,1,0,1,0,1
Q9NY28,0,0,1,0,0
Q9NY35,0,1,1,0,1
Q9NY37,1,1,1,0,1
Q9NY46,1,1,1,0,1
Q9NY47,1,0,0,0,0
Q9NY59,0,0,0,0,1
Q9NY64,1,1,1,1,1
Q9NY72,1,1,1,0,1
Q9NY84,1,1,0,0,0
Q9NY91,1,1,1,0,1
Q9NY97,0,0,1,0,0
Q9NYB5,1,1,1,0,1
Q9NYG2,1,0,1,0,0
Q9NYG8,1,0,1,0,1
Q9NYJ7,1,1,1,0,0
Q9NYK1,1,1,1,1,1
Q9NYM4,1,1,0,0,1
Q9NYM9,0,0,1,0,0
Q9NYP7,0,0,1,0,1
Q9NYQ6,1,1,0,0,1
Q9NYQ7,1,1,0,0,1
Q9NYQ8,1,1,1,0,1
Q9NYR8,0,0,1,0,0
Q9NYV7,1,1,1,0,1
Q9NYV8,1,1,1,0,1
Q9NYV9,1,0,1,0,1
Q9NYW0,1,1,0,0,1
Q9NYW1,1,1,1,0,1
Q9NYW2,1,1,1,0,1
Q9NYW3,1,1,1,0,1
Q9NYW4,1,0,0,0,0
Q9NYW5,1,1,1,0,0
Q9NYW6,1,1,1,0,0
Q9NYW7,1,1,1,0,1
Q9NYX4,1,1,1,0,1
Q9NYZ1,0,0,0,0,1
Q9NYZ4,1,1,1,1,1
Q9NZ01,0,0,1,0,1
Q9NZ08,0,0,1,0,0
Q9NZ42,0,0,1,0,1
Q9NZ43,0,0,1,0,1
Q9NZ45,0,0,1,0,0
Q9NZ53,1,1,1,1,1
Q9NZ94,1,1,1,0,1
Q9NZA1,0,0,1,0,0
Q9NZC2,1,1,1,1,1
Q9NZC3,0,0,1,0,0
Q9NZD1,1,1,1,1,1
Q9NZG7,1,0,1,1,1
Q9NZH0,1,1,1,0,1
Q9NZJ7,0,0,1,0,0
Q9NZM1,1,1,1,0,1
Q9NZM6,1,0,1,0,1
Q9NZN1,1,1,1,1,1
Q9NZP0,1,1,1,0,1
Q9NZP2,1,1,1,0,1
Q9NZP5,1,1,0,0,1
Q9NZQ7,1,1,1,1,1
Q9NZQ8,1,0,1,1,1
Q9NZR2,1,1,1,0,1
Q9NZS2,1,1,1,1,1
Q9NZS9,0,0,1,0,1
Q9NZU0,1,1,1,0,1
Q9NZU1,1,1,1,0,1
Q9NZV1,1,1,1,0,1
Q9NZV8,1,0,1,0,1
Q9P003,0,0,1,0,1
Q9P035,0,0,1,1,1
Q9P055,0,0,0,0,1
Q9P0B6,0,0,1,0,1
Q9P0I2,0,0,1,0,1
Q9P0J0,0,0,1,0,0
Q9P0K1,1,1,1,0,1
Q9P0K9,0,0,1,0,1
Q9P0L0,0,0,1,0,1
Q9P0L9,1,1,0,0,1
Q9P0N5,0,0,1,0,1
Q9P0N8,0,0,1,0,0
Q9P0S3,0,0,1,0,1
Q9P0S9,0,0,1,0,1
Q9P0T7,1,1,1,0,0
Q9P0U1,0,0,1,0,0
Q9P0V8,1,1,1,1,1
Q9P0X4,1,1,1,0,1
Q9P109,0,0,1,0,0
Q9P121,1,1,1,0,0
Q9P126,1,1,1,1,1
Q9P1P4,1,0,1,0,0
Q9P1P5,1,1,0,0,1
Q9P1Q5,1,1,0,0,1
Q9P1W3,0,1,1,0,1
Q9P1W8,1,1,1,1,1
Q9P1Z3,1,0,1,0,1
Q9P1Z9,0,0,1,0,1
Q9P232,1,1,0,0,0
Q9P241,0,0,0,0,1
Q9P244,1,1,1,0,0
Q9P246,1,0,0,0,0
Q9P273,1,1,1,0,0
Q9P283,1,1,1,0,1
Q9P291,0,0,1,1,0
Q9P296,1,1,1,1,1
Q9P298,1,0,1,0,1
Q9P2B2,1,1,1,1,1
Q9P2C4,0,0,1,0,0
Q9P2E5,0,0,1,0,0
Q9P2E7,1,1,1,0,1
Q9P2E8,0,0,1,0,1
Q9P2E9,0,0,1,0,0
Q9P2J2,1,1,0,1,1
Q9P2K9,1,1,1,0,0
Q9P2S2,1,1,1,0,1
Q9P2U7,1,1,1,0,1
Q9P2U8,0,1,1,0,1
Q9P2V4,0,1,1,0,0
Q9P2W7,0,0,1,0,0
Q9P2W9,0,0,1,0,0
Q9P2X0,0,0,1,0,0
Q9QC07,0,0,1,0,0
Q9TNN7,1,1,1,1,1
Q9TQE0,1,1,1,1,1
Q9UBD6,1,1,1,0,1
Q9UBG0,1,1,1,1,1
Q9UBH6,1,0,1,1,1
Q9UBI4,0,0,1,1,1
Q9UBJ2,0,0,1,0,1
Q9UBK5,1,0,1,1,1
Q9UBL9,1,1,1,0,1
Q9UBM1,0,0,1,0,0
Q9UBM7,0,0,1,0,0
Q9UBM8,0,0,1,0,0
Q9UBN1,1,1,1,0,1
Q9UBN4,1,0,1,1,1
Q9UBN6,1,1,1,1,1
Q9UBP0,0,0,1,0,0
Q9UBQ6,0,0,1,0,0
Q9UBR5,0,0,1,0,1
Q9UBS5,1,1,1,0,1
Q9UBS9,0,1,0,0,0
Q9UBU6,0,0,0,0,1
Q9UBV2,0,0,1,0,1
Q9UBV7,0,0,1,0,0
Q9UBX3,0,0,1,0,0
Q9UBX8,0,0,1,0,0
Q9UBY0,1,1,1,0,1
Q9UBY5,1,1,0,0,1
Q9UBY8,0,0,1,0,0
Q9UDX5,0,0,1,0,0
Q9UEF7,1,1,1,0,1
Q9UEU0,0,0,1,0,1
Q9UEW3,1,0,1,1,1
Q9UF02,0,1,1,0,1
Q9UF33,1,1,1,0,0
Q9UG22,0,0,1,1,1
Q9UGF5,1,1,1,0,1
Q9UGF6,1,1,1,0,1
Q9UGF7,1,1,1,0,1
Q9UGH3,1,1,1,1,1
Q9UGI6,0,0,1,1,1
Q9UGM1,1,1,1,0,1
Q9UGN4,1,1,1,1,1
Q9UGP8,0,0,1,0,0
Q9UGQ2,0,0,1,0,1
Q9UGQ3,1,1,1,1,1
Q9UGT4,1,1,1,0,1
Q9UH62,0,0,1,1,0
Q9UH99,0,0,1,0,0
Q9UHB6,0,0,1,0,0
Q9UHC3,1,0,1,0,0
Q9UHC6,1,1,1,0,1
Q9UHC9,1,1,1,0,0
Q9UHE5,0,0,1,0,1
Q9UHE8,0,0,0,0,1
Q9UHF3,0,0,1,0,1
Q9UHF4,1,1,1,1,1
Q9UHI5,0,0,1,0,1
Q9UHI7,1,1,1,1,1
Q9UHJ9,0,0,0,0,1
Q9UHM6,1,1,0,0,1
Q9UHN6,1,0,1,0,1
Q9UHP7,1,1,1,1,1
Q9UHQ9,0,0,1,0,0
Q9UHW9,1,1,1,0,1
Q9UHX3,1,1,1,1,1
Q9UI33,1,1,1,0,1
Q9UI40,1,1,1,0,1
Q9UIB8,1,1,1,1,1
Q9UIG8,1,1,1,0,1
Q9UII2,0,0,1,0,0
Q9UIJ5,0,0,0,0,1
Q9UIK5,1,1,1,1,1
Q9UIQ6,1,1,1,0,1
Q9UIR0,1,0,1,1,0
Q9UIW2,1,1,1,0,1
Q9UIX4,1,0,1,0,1
Q9UJ14,1,1,1,0,1
Q9UJ37,0,0,1,0,0
Q9UJ42,1,1,0,0,1
Q9UJ71,1,0,1,1,1
Q9UJ90,0,0,1,1,1
Q9UJ96,0,0,1,0,1
Q9UJ99,1,1,1,0,1
Q9UJA2,0,0,0,0,1
Q9UJA9,0,1,1,0,1
Q9UJG1,0,0,1,0,1
Q9UJQ1,1,1,1,0,1
Q9UK00,0,0,1,0,1
Q9UK17,0,0,1,0,1
Q9UK23,0,1,0,0,0
Q9UK28,0,0,1,0,1
Q9UK39,0,0,1,1,1
Q9UKB5,1,1,1,0,1
Q9UKF2,1,1,1,0,1
Q9UKF5,1,1,1,0,1
Q9UKG4,0,1,1,0,1
Q9UKH3,1,1,1,0,0
Q9UKI3,0,0,0,1,0
Q9UKJ0,1,1,1,1,1
Q9UKJ1,1,1,1,1,1
Q9UKJ5,0,0,0,1,1
Q9UKJ8,1,1,1,0,1
Q9UKL2,1,1,1,0,1
Q9UKL4,1,1,1,0,1
Q9UKM7,0,0,1,0,0
Q9UKN1,1,1,1,0,0
Q9UKP4,0,0,1,0,0
Q9UKP6,1,1,0,0,1
Q9UKQ2,1,1,1,1,1
Q9UKR5,0,0,1,0,0
Q9UKR8,1,0,1,1,1
Q9UKU0,0,0,1,1,1
Q9UKU6,1,1,1,0,1
Q9UKV5,0,0,0,0,1
Q9UKX5,1,1,1,0,1
Q9UKY0,1,1,0,0,1
Q9UKY4,0,0,1,0,0
Q9UKZ4,1,1,1,0,1
Q9UL19,0,0,1,0,1
Q9UL25,0,0,1,0,0
Q9UL51,1,0,1,0,1
Q9UL52,1,1,1,0,0
Q9UL54,0,0,1,0,1
Q9UL62,1,0,0,0,1
Q9ULB1,1,1,1,0,1
Q9ULB4,1,1,1,0,1
Q9ULB5,1,1,1,0,1
Q9ULC0,1,1,1,1,1
Q9ULC5,0,0,1,0,1
Q9ULC8,0,0,1,0,1
Q9ULD2,0,0,0,0,1
Q9ULD6,0,0,1,0,0
Q9ULD8,1,0,0,0,1
Q9ULF5,0,1,1,0,0
Q9ULG6,0,0,1,0,1
Q9ULH0,1,0,1,0,1
Q9ULH4,1,1,1,0,1
Q9ULI3,1,1,1,0,0
Q9ULK0,1,1,1,0,1
Q9ULK5,1,0,1,0,1
Q9ULK6,1,1,1,0,1
Q9ULL4,1,1,1,0,0
Q9ULM6,0,0,1,1,1
Q9ULQ1,1,1,0,0,1
Q9ULS5,0,0,0,0,1
Q9ULS6,1,0,1,0,1
Q9ULT6,1,0,1,0,0
Q9ULV1,1,1,1,1,1
Q9ULW2,1,1,1,1,1
Q9ULX3,0,0,0,1,0
Q9ULX5,0,0,1,0,1
Q9ULX7,1,1,1,0,1
Q9ULY5,1,0,1,1,0
Q9ULZ3,0,0,0,0,1
Q9ULZ9,1,1,0,1,0
Q9UM00,0,0,1,0,1
Q9UM01,0,0,1,1,1
Q9UM11,0,0,1,1,1
Q9UM21,0,0,1,0,0
Q9UM44,0,1,1,1,1
Q9UM47,1,1,1,0,0
Q9UM73,1,1,1,1,0
Q9UMD9,1,0,1,0,1
Q9UMF0,1,1,0,0,1
Q9UMR7,1,0,1,1,1
Q9UMX3,0,0,1,0,0
Q9UMX9,1,1,1,0,1
Q9UMZ3,1,1,1,0,0
Q9UN42,0,1,1,0,1
Q9UN66,1,1,1,0,1
Q9UN67,1,1,1,0,1
Q9UN70,1,1,1,0,1
Q9UN71,1,1,1,0,1
Q9UN72,1,1,0,0,1
Q9UN73,1,1,0,0,1
Q9UN74,1,1,0,0,1
Q9UN75,1,1,1,0,1
Q9UN76,1,1,1,0,1
Q9UN88,1,1,0,0,1
Q9UNA3,0,0,1,0,0
Q9UNE0,1,1,1,0,1
Q9UNG2,1,1,1,1,0
Q9UNK0,0,0,1,0,1
Q9UNN8,1,1,1,1,1
Q9UNP4,0,0,1,0,1
Q9UNQ0,1,1,1,1,1
Q9UNU6,0,0,1,0,0
Q9UNW8,1,1,1,1,1
Q9UNX9,1,0,1,0,1
Q9UP38,1,1,1,0,1
Q9UP52,1,0,1,1,1
Q9UP95,0,1,0,0,1
Q9UPC5,1,1,0,1,1
Q9UPI3,0,1,0,1,1
Q9UPQ8,0,0,0,0,1
Q9UPR5,1,1,0,0,1
Q9UPU3,0,1,0,0,1
Q9UPX0,1,1,0,0,0
Q9UPX6,1,0,1,0,1
Q9UPY5,1,0,1,0,1
Q9UPZ6,1,1,1,0,0
Q9UQ05,1,0,0,0,1
Q9UQ52,1,1,0,1,0
Q9UQ53,0,0,1,0,0
Q9UQ90,0,0,1,0,0
Q9UQC9,1,1,1,0,1
Q9UQD0,1,1,1,0,1
Q9UQF0,1,1,0,0,0
Q9UQP3,0,0,1,0,0
Q9UQQ1,1,1,1,0,0
Q9UQV4,0,1,1,1,0
Q9WJR5,0,0,1,0,0
Q9Y210,1,0,0,1,1
Q9Y219,1,1,1,0,1
Q9Y225,0,0,1,0,0
Q9Y226,1,1,1,1,1
Q9Y228,1,0,1,0,1
Q9Y231,0,0,1,0,0
Q9Y241,0,0,1,0,1
Q9Y256,0,0,0,0,1
Q9Y257,0,0,0,1,1
Q9Y267,1,1,0,0,1
Q9Y271,1,1,0,1,1
Q9Y274,0,0,1,0,0
Q9Y275,1,1,1,1,1
Q9Y276,0,0,1,0,0
Q9Y277,0,0,1,0,0
Q9Y278,0,0,1,0,0
Q9Y279,1,0,1,1,1
Q9Y282,0,0,0,0,1
Q9Y284,0,0,0,0,1
Q9Y286,1,1,1,1,0
Q9Y287,0,1,1,0,1
Q9Y289,0,1,1,1,1
Q9Y2A7,0,0,1,0,0
Q9Y2A9,0,0,1,0,0
Q9Y2B1,1,0,1,0,0
Q9Y2B2,0,0,1,0,0
Q9Y2C2,0,0,1,0,1
Q9Y2C3,0,0,1,0,0
Q9Y2C5,0,0,1,0,1
Q9Y2C9,1,1,1,1,1
Q9Y2E8,0,0,1,0,1
Q9Y2G1,0,0,1,0,0
Q9Y2G3,1,0,1,0,0
Q9Y2G8,1,0,1,0,0
Q9Y2H6,0,0,1,0,1
Q9Y2I2,1,1,0,0,0
Q9Y2L9,0,0,0,0,1
Q9Y2Q0,0,0,1,0,1
Q9Y2R0,0,0,1,0,1
Q9Y2T5,1,1,0,0,1
Q9Y2T6,1,1,1,0,1
Q9Y2U2,0,0,1,0,1
Q9Y2U8,0,0,1,0,0
Q9Y2W3,0,0,1,0,0
Q9Y2Y6,1,0,1,0,0
Q9Y2Y8,0,0,0,0,1
Q9Y320,1,0,1,0,0
Q9Y328,0,0,1,0,0
Q9Y336,1,1,1,1,1
Q9Y342,1,0,1,0,1
Q9Y345,1,1,0,0,1
Q9Y385,0,0,1,0,0
Q9Y397,0,0,0,0,1
Q9Y3B3,0,1,1,1,1
Q9Y3D6,0,0,1,0,0
Q9Y3E0,0,0,0,0,1
Q9Y3N9,1,1,0,0,1
Q9Y3P4,0,0,1,0,1
Q9Y3P8,1,1,1,0,1
Q9Y3Q0,1,0,1,0,0
Q9Y3Q3,0,0,0,1,1
Q9Y3Q4,1,0,1,0,1
Q9Y3Q7,1,1,1,0,1
Q9Y442,0,0,1,0,0
Q9Y487,0,1,1,0,1
Q9Y490,0,0,1,0,0
Q9Y493,1,1,1,0,1
Q9Y4A9,1,1,0,0,1
Q9Y4C0,1,1,1,0,1
Q9Y4C5,0,0,1,0,0
Q9Y4D2,1,1,1,0,1
Q9Y4D7,1,1,1,1,1
Q9Y4D8,0,0,1,0,0
Q9Y4W6,0,0,1,0,0
Q9Y4X1,1,0,1,0,0
Q9Y519,0,0,1,0,1
Q9Y548,0,0,1,0,1
Q9Y561,1,1,1,0,1
Q9Y584,0,0,1,0,0
Q9Y585,1,1,0,0,1
Q9Y5C1,0,0,1,0,0
Q9Y5E1,1,1,1,0,1
Q9Y5E2,1,1,1,0,1
Q9Y5E3,1,1,1,0,1
Q9Y5E4,1,1,1,0,1
Q9Y5E5,1,1,1,0,1
Q9Y5E6,1,1,1,0,1
Q9Y5E7,1,1,1,0,1
Q9Y5E8,1,1,1,0,1
Q9Y5E9,1,1,1,0,1
Q9Y5F0,1,1,1,0,1
Q9Y5F1,1,1,1,0,1
Q9Y5F2,1,1,1,0,1
Q9Y5F3,1,1,1,0,1
Q9Y5F6,1,1,1,0,1
Q9Y5F7,1,1,1,0,1
Q9Y5F8,1,1,1,0,1
Q9Y5F9,1,1,1,0,1
Q9Y5G0,1,1,1,0,1
Q9Y5G1,1,1,1,0,1
Q9Y5G2,1,1,1,0,1
Q9Y5G3,1,1,1,0,1
Q9Y5G4,1,1,1,0,1
Q9Y5G5,1,1,1,0,1
Q9Y5G6,1,1,1,0,1
Q9Y5G7,1,1,1,0,1
Q9Y5G8,1,1,1,0,1
Q9Y5G9,1,1,0,0,1
Q9Y5H0,1,1,1,0,1
Q9Y5H1,1,1,1,0,1
Q9Y5H2,1,1,1,0,1
Q9Y5H3,1,1,1,0,1
Q9Y5H4,1,1,0,0,1
Q9Y5H5,1,1,0,0,1
Q9Y5H6,1,1,0,0,1
Q9Y5H7,1,1,0,0,1
Q9Y5H8,1,1,1,0,1
Q9Y5H9,1,1,0,0,1
Q9Y5I0,1,1,0,0,1
Q9Y5I1,1,1,0,0,1
Q9Y5I2,1,1,0,0,1
Q9Y5I3,1,1,0,0,1
Q9Y5I4,1,1,1,0,1
Q9Y5I7,1,1,1,0,1
Q9Y5L2,0,0,1,0,0
Q9Y5L3,1,0,1,0,1
Q9Y5M6,0,0,0,0,1
Q9Y5M8,0,0,1,0,0
Q9Y5N1,1,1,0,1,1
Q9Y5P0,1,1,1,0,1
Q9Y5P1,1,1,1,0,1
Q9Y5Q0,0,0,1,0,1
Q9Y5Q5,1,1,1,0,1
Q9Y5R2,1,0,1,0,1
Q9Y5S1,1,1,1,1,1
Q9Y5S8,1,0,1,0,1
Q9Y5T4,0,0,1,0,1
Q9Y5U4,0,0,1,0,1
Q9Y5U5,1,1,1,1,1
Q9Y5U9,0,0,1,0,1
Q9Y5W7,0,0,1,0,1
Q9Y5W8,0,0,0,0,1
Q9Y5X5,1,1,1,0,1
Q9Y5Y0,1,1,1,1,1
Q9Y5Y3,1,1,1,0,1
Q9Y5Y4,1,1,1,1,1
Q9Y5Y5,0,0,1,0,0
Q9Y5Y6,1,0,1,1,1
Q9Y5Y7,1,1,1,1,1
Q9Y5Y9,1,1,1,0,1
Q9Y5Z0,1,1,0,1,1
Q9Y5Z6,0,0,1,0,0
Q9Y5Z9,0,0,1,0,1
Q9Y619,0,0,1,0,0
Q9Y624,1,1,1,1,1
Q9Y625,1,1,0,0,0
Q9Y639,1,1,1,0,1
Q9Y644,0,0,1,0,0
Q9Y653,1,1,1,1,1
Q9Y661,0,0,1,0,0
Q9Y662,0,0,1,0,1
Q9Y663,0,0,1,0,0
Q9Y666,0,1,0,0,1
Q9Y672,0,0,1,0,0
Q9Y673,0,0,1,0,0
Q9Y679,0,0,1,0,0
Q9Y691,1,1,0,0,1
Q9Y693,0,0,0,0,1
Q9Y694,0,1,0,0,1
Q9Y696,0,0,1,0,0
Q9Y698,0,1,1,0,1
Q9Y6A1,0,0,1,0,0
Q9Y6A2,0,0,1,0,0
Q9Y6A9,1,0,1,0,0
Q9Y6C5,1,0,1,0,1
Q9Y6C7,0,0,0,0,1
Q9Y6C9,0,0,1,0,0
Q9Y6D0,0,0,1,0,0
Q9Y6F6,0,1,1,0,0
Q9Y6F9,0,0,1,0,0
Q9Y6G1,0,0,1,0,1
Q9Y6H6,0,0,1,1,1
Q9Y6H8,1,1,1,0,1
Q9Y6I0,0,0,1,0,0
Q9Y6J6,0,0,1,0,1
Q9Y6K0,0,0,0,0,1
Q9Y6L6,1,1,1,1,1
Q9Y6M0,1,1,0,0,0
Q9Y6M5,1,1,1,0,1
Q9Y6M7,1,1,0,1,1
Q9Y6N1,0,0,1,0,0
Q9Y6N7,1,1,1,0,0
Q9Y6N8,1,1,1,0,1
Q9Y6Q6,1,1,1,0,1
Q9Y6Q9,0,0,1,0,0
Q9Y6R1,1,1,1,0,1
Q9Y6U7,1,0,0,0,0
Q9Y6W8,1,1,1,1,1
Q9Y6X1,1,0,1,0,0
Q9Y6X5,1,1,1,0,1
Q9YNA8,0,0,1,0,0
W5XKT8,1,0,0,0,0
X6RKS3,1,0,0,0,0
